jobId,channel,messageId,company,createdAt,outcome,verdict,score,oldUrl,newUrl,written,reason,candidates
6a99abba23fa510f22ff84fe,offcampusjobs4u,20988,Google,2026-09-03T17:17:46.235Z,repaired,direct,9,https://offcampusjobs4u.com/google-recruitment-2026-silicon-engineer-bangalore-hyderabad/,https://google.com/about/careers/applications/jobs/results/73379279982731974-silicon-engineer-platform-and-devices-university-graduate-2026?q=university+graduate&location=India,yes,"host matches the company; path names a posting or form; labelled ""Click Here to Apply Online"" (highest)",
6a99abaa78c9020ac26f68a9,job4fresherss,19660,Genpact,2026-09-03T17:17:30.503Z,flagged,aggregator,,https://job4freshers.co.in/genpact-walk-in-drive-ca-cma/,,yes,aggregator page had no apply candidate,
6a99abba23fa510f22ff84fe,offcampusjobs4u,20988,Google,2026-09-03T17:17:46.235Z,repaired,direct,9,https://offcampusjobs4u.com/google-recruitment-2026-silicon-engineer-bangalore-hyderabad/,https://google.com/about/careers/applications/jobs/results/73379279982731974-silicon-engineer-platform-and-devices-university-graduate-2026?q=university+graduate&location=India,no,"host matches the company; path names a posting or form; labelled ""Click Here to Apply Online"" (highest)",
6a99ab9378c9020ac26f67fc,fresher_offcampus_drives,5867,Fujitsu,2026-09-03T17:17:07.680Z,repaired,direct,7,https://offcampusjobdrives.com/fujitsu-recruitment-for-junior-data-engineer/,https://jobs.global.fujitsu.com/job/Application-Development/10854-en_US,yes,host matches the company; path names a posting or form (high),
6a99abba23fa510f22ff84fe,offcampusjobs4u,20988,Google,2026-09-03T17:17:46.235Z,repaired,direct,9,https://offcampusjobs4u.com/google-recruitment-2026-silicon-engineer-bangalore-hyderabad/,https://google.com/about/careers/applications/jobs/results/73379279982731974-silicon-engineer-platform-and-devices-university-graduate-2026?q=university+graduate&location=India,no,"host matches the company; path names a posting or form; labelled ""Click Here to Apply Online"" (highest)",
6a9997bf23fa510f22ff84fd,freshershunt,29944,Microsoft,2026-09-03T15:52:31.709Z,flagged,aggregator,,https://freshershunt.in/microsoft-software-engineering-internship-2026/,,yes,aggregator page had no apply candidate,
6a99973f23fa510f22ff83a5,careerwithasr,2957,Amazon,2026-09-03T15:50:23.222Z,flagged,unresolvable,,,,yes,no URL,
6a99973023fa510f22ff836f,offcampusjobs4u,20987,Fujitsu,2026-09-03T15:50:08.685Z,repaired,direct,,https://www.jobs.global.fujitsu.com/job/Software-Engineer-Apprentice/11840-en_US,https://jobs.global.fujitsu.com/job/Software-Engineer-Apprentice/11840-en_US,yes,jobs.global.fujitsu.com matches the posting's company,
6a9985f489c36724d3af73f3,job4fresherss,19659,Accenture,2026-09-03T14:36:36.480Z,flagged,aggregator,,https://job4freshers.co.in/accenture-walk-in-customer-support/,,yes,aggregator page had no apply candidate,
6a9985e189c36724d3af73ea,goyalarsh,6339,Youtube,2026-09-03T14:36:17.392Z,repaired,direct,,https://www.google.com/about/careers/applications/jobs/results/104532643365692102-software-engineer-youtube,https://google.com/about/careers/applications/jobs/results/104532643365692102-software-engineer-youtube,yes,path names a posting or an application form,
6a99ab9778c9020ac26f6809,placementdriveofficial,12881,,2026-09-03T17:17:11.296Z,repaired,direct,7,https://pdlink.in/4xBP1R1,https://jobs.lever.co/brillio-2/4c02f8f0-28dd-4cee-bd6f-04933c8a4505,yes,"trusted ATS domain; labelled ""Click Here To Apply"" (high)",
6a99857789c36724d3af726e,offcampusjobs4u,20986,HPE,2026-09-03T14:34:31.899Z,repaired,direct,,https://careers.hpe.com/us/en/job/1209106/WLAN-Engineer?utm_source=linkedin,https://careers.hpe.com/us/en/job/1209106/WLAN-Engineer,yes,careers.hpe.com matches the posting's company,
6a9997bb23fa510f22ff84fc,freshershunt,29945,Apple,2026-09-03T15:52:27.875Z,flagged,aggregator,,https://freshershunt.in/citi-java-developer-off-campus-drive-2026/,,yes,aggregator page had no apply candidate,
6a9985ae89c36724d3af732c,placementdriveofficial,12880,,2026-09-03T14:35:26.803Z,flagged,aggregator,,https://pdlink.in/4qSe7Z7,,yes,aggregator page had no apply candidate,
6a9975a7c60accf85fb96ba6,careerwithasr,2956,Microsoft,2026-09-03T13:27:03.538Z,repaired,direct,,https://apply.careers.microsoft.com/careers/job/1970393556978214,https://apply.careers.microsoft.com/careers/job/1970393556978214,yes,apply.careers.microsoft.com matches the posting's company,
6a9975a5c60accf85fb96b9f,offcampusjobs4u,20985,Yash Technologies,2026-09-03T13:27:01.836Z,repaired,direct,,https://careers.yash.com/job/Pune-Trainee-Consultant-SAP-IBP-Job/1362900566/,https://careers.yash.com/job/Pune-Trainee-Consultant-SAP-IBP-Job/1362900566,yes,careers.yash.com matches the posting's company,
6a9965b996a165aba0d4aa77,job4fresherss,19658,Wipro,2026-09-03T12:19:05.944Z,repaired,direct,,https://careers.wipro.com/job/Mumbai-Associate-analyst-IND-400708/196863-en_US/,https://careers.wipro.com/job/Mumbai-Associate-analyst-IND-400708/196863-en_US,yes,careers.wipro.com matches the posting's company,
6a99658796a165aba0d4aa3d,job4fresherss,19657,Info Edge,2026-09-03T12:18:15.350Z,flagged,aggregator,,https://job4freshers.co.in/info-edge-walk-in-sales-naukri/,,yes,aggregator page had no apply candidate,
6a997642c60accf85fb96cfc,freshershunt,29943,Google,2026-09-03T13:29:38.411Z,flagged,aggregator,,https://freshershunt.in/google-internship-2027-data-center-technician/,,yes,aggregator page had no apply candidate,
6a9975f2c60accf85fb96cad,placementdriveofficial,12879,,2026-09-03T13:28:18.352Z,repaired,direct,10,https://pdlink.in/4qUnAzd,https://ibqbjb.fa.ocs.oraclecloud.com/hcmUI/CandidateExperience/en/sites/Honeywell/job/150757,yes,"trusted ATS domain; path names a posting or form; labelled ""Click Here To Apply"" (highest)",
6a99655e96a165aba0d4a9ac,fresher_offcampus_drives,5865,Fujitsu,2026-09-03T12:17:34.235Z,repaired,direct,7,https://offcampusjobdrives.com/fujitsu-recruitment-for-junior-data-engineer/,https://jobs.global.fujitsu.com/job/Application-Development/10854-en_US,yes,host matches the company; path names a posting or form (high),
6a99657d96a165aba0d4aa16,Fresherjobsadda,4958,UAE-based E-commerce Giant,2026-09-03T12:18:05.763Z,flagged,suspicious,,https://go.acciojob.com/FSpZ9A,https://go.acciojob.com/FSpZ9A,yes,"https://go.acciojob.com/FSpZ9A → host contains ""placement""",
6a99503b3620a1bb330ce558,job4fresherss,19656,ABB,2026-09-03T10:47:23.809Z,repaired,direct,,https://careers.abb/global/en/job/JR00013302/Accounting-Reporting-Analyst,https://careers.abb/global/en/job/JR00013302/Accounting-Reporting-Analyst,yes,careers.abb matches the posting's company,
6a99501e3620a1bb330ce557,getjobss,8142,Nvidia,2026-09-03T10:46:54.687Z,repaired,direct,,https://jobs.nvidia.com/careers/job/893397486353,https://jobs.nvidia.com/careers/job/893397486353,yes,jobs.nvidia.com matches the posting's company,
6a994fec3620a1bb330ce539,getjobss,8143,Zycus,2026-09-03T10:46:04.406Z,repaired,direct,,https://zycus.talismatic.com/jobs/J3L4U6PB3,https://zycus.talismatic.com/jobs/J3L4U6PB3,yes,zycus.talismatic.com matches the posting's company,
6a994fea3620a1bb330ce532,getjobss,8141,Adobe,2026-09-03T10:46:02.944Z,repaired,direct,,https://careers.adobe.com/us/en/job/ADOBUSR171208EXTERNALENUS/Software-Development-Engineer,https://careers.adobe.com/us/en/job/ADOBUSR171208EXTERNALENUS/Software-Development-Engineer,yes,careers.adobe.com matches the posting's company,
6a994fbc3620a1bb330ce48c,getjobss,8140,Barclays,2026-09-03T10:45:16.373Z,repaired,direct,,https://search.jobs.barclays/job/-/-/13015/98506859296,https://search.jobs.barclays/job/-/-/13015/98506859296,yes,search.jobs.barclays matches the posting's company,
6a994fba3620a1bb330ce484,getjobss,8139,Purplle,2026-09-03T10:45:14.762Z,repaired,direct,,https://purplle.turbohire.co/job/publicjobs/937a330e-d1b3-4acd-8573-c111f7edec30?src=linkedin,https://purplle.turbohire.co/job/publicjobs/937a330e-d1b3-4acd-8573-c111f7edec30,yes,purplle.turbohire.co matches the posting's company,
6a994fb93620a1bb330ce47b,getjobss,8138,YASH Technologies,2026-09-03T10:45:13.015Z,repaired,direct,,https://careers.yash.com/job/Pune-Trainee-Consultant-SAP-IBP-Job/1362900566/,https://careers.yash.com/job/Pune-Trainee-Consultant-SAP-IBP-Job/1362900566,yes,careers.yash.com matches the posting's company,
6a994fb73620a1bb330ce474,jobs_SQL,4938,Optum,2026-09-03T10:45:11.436Z,repaired,direct,,https://careers.unitedhealthgroup.com/job/pune/associate-data-scientist/34088/96545419744,https://careers.unitedhealthgroup.com/job/pune/associate-data-scientist/34088/96545419744,yes,careers.unitedhealthgroup.com is a careers host,
6a994fb53620a1bb330ce46d,jobs_SQL,4937,S&P Global,2026-09-03T10:45:09.403Z,repaired,direct,,https://careers.spglobal.com/jobs/330667?lang=en-us,https://careers.spglobal.com/jobs/330667?lang=en-us,yes,careers.spglobal.com is a careers host,
6a994fa73620a1bb330ce439,internshiptojobs,2428,Graviton,2026-09-03T10:44:55.099Z,repaired,direct,,https://engradar.com/jobs/greenhouse:gravitonresearchcapital:8764240002,https://engradar.com/jobs/greenhouse:gravitonresearchcapital:8764240002,yes,path names a posting or an application form,
6a99656b96a165aba0d4a9d7,placementdriveofficial,12877,,2026-09-03T12:17:47.589Z,repaired,direct,10,https://pdlink.in/4gAbubb,https://transunion.wd5.myworkdayjobs.com/en-US/transunion/job/Chennai/Analyst--Global-Delivery_19041420,yes,"trusted ATS domain; path names a posting or form; labelled ""Click Here To Apply"" (highest)",
6a994fa13620a1bb330ce426,internshiptojobs,2427,Droplet.ink,2026-09-03T10:44:49.407Z,flagged,suspicious,,https://www.linkedin.com/jobs/view/4459508144/,https://www.linkedin.com/jobs/view/4459508144/,yes,"linkedin.com is a third-party job board, not the employer's own application",
6a994f8e3620a1bb330ce3eb,offcampusjobs4u,20984,Cvent,2026-09-03T10:44:30.365Z,repaired,direct,,https://indiacareers-cvent.icims.com/jobs/8608/job?mobile=false&width=1354&height=500&bga=true&needsRedirect=false&jan1offset=330&jun1offset=330,https://indiacareers-cvent.icims.com/jobs/8608/job?mobile=false&width=1354&height=500&bga=true&needsRedirect=false&jan1offset=330&jun1offset=330,yes,indiacareers-cvent.icims.com is a trusted ATS and the host matches the company,
6a994f8f3620a1bb330ce3ef,careerwithasr,2955,MantraCare,2026-09-03T10:44:31.903Z,repaired,direct,,https://mantra.care/careers/full-stack-developer-intern-delhi/,https://mantra.care/careers/full-stack-developer-intern-delhi,yes,path names a posting or an application form,
6a992baa3561a6796c016cab,careerwithasr,2954,JPMorgan Chase,2026-09-03T08:11:22.422Z,repaired,direct,,https://jpmc.fa.oraclecloud.com/hcmUI/CandidateExperience/en/sites/CX_1001/job/210703259/,https://jpmc.fa.oraclecloud.com/hcmUI/CandidateExperience/en/sites/CX_1001/job/210703259,yes,jpmc.fa.oraclecloud.com is a trusted ATS domain,
6a994f8b3620a1bb330ce3de,offcampusjobs4u,20983,Marmon Technologies,2026-09-03T10:44:27.178Z,flagged,suspicious,,https://www.linkedin.com/jobs/view/4462129422/,https://www.linkedin.com/jobs/view/4462129422/,yes,"linkedin.com is a third-party job board, not the employer's own application",
6a992317aaa43051689cc182,job4fresherss,19654,IOCL,2026-09-03T07:34:47.315Z,flagged,unresolvable,,,,yes,no URL,
6a9922feaaa43051689cc181,job4fresherss,19655,Baxter,2026-09-03T07:34:22.244Z,repaired,direct,,https://ejgk.fa.em2.oraclecloud.com/hcmUI/CandidateExperience/en/sites/CX_3/job/30048818?,https://ejgk.fa.em2.oraclecloud.com/hcmUI/CandidateExperience/en/sites/CX_3/job/30048818?,yes,ejgk.fa.em2.oraclecloud.com is a trusted ATS domain,
6a992337aaa43051689cc183,fresher_offcampus_drives,5863,Amazon,2026-09-03T07:35:19.246Z,repaired,direct,7,https://kickcharm.com/amazon-work-from-home-hiring-freshers/,https://amazon.jobs/en/jobs/3134249/associate-ml-data-operations-go-ai-operations,yes,host matches the company; path names a posting or form (high),
6a99229aaaa43051689cc029,careerwithasr,2953,UPSC,2026-09-03T07:32:42.162Z,flagged,unresolvable,,,,yes,no URL,
6a99228daaa43051689cc000,offcampusjobs4u,20982,Amazon,2026-09-03T07:32:29.246Z,repaired,direct,,https://www.amazon.jobs/en/jobs/10513568/software-dev-engineer,https://amazon.jobs/en/jobs/10513568/software-dev-engineer,yes,amazon.jobs matches the posting's company,
6a9950533620a1bb330ce559,placementdriveofficial,12876,,2026-09-03T10:47:47.826Z,repaired,direct,5,https://pdlink.in/4xCiFFC,https://careers.capgemini.com/job/Chennai-%28ex-Madras%29-Finance-Expert/1432879533,yes,"path names a posting or form; labelled ""Click Here To Apply"" (high)",
6a9922d9aaa43051689cc10a,placementdriveofficial,12875,,2026-09-03T07:33:45.444Z,repaired,direct,5,https://pdlink.in/4cs9wHk,https://careers.mastercard.com/us/en/job/MASRUSR278159EXTERNALENUS/Data-Scientist-I,yes,"path names a posting or form; labelled ""Click Here To Apply"" (high)",
6a9909ac48e22578699d5f4e,freshershunt,29936,HCLTech,2026-09-03T05:46:20.395Z,flagged,aggregator,,https://freshershunt.in/hcltech-mega-off-campus-drive-2026/,,yes,5 candidate(s) on the page,https://hcltech.com/careers [high/8] | https://hcltech.com/careers/campus-hiring [high/7] | https://hcltech.com/ [medium/4] | https://hcltech.com/investors/annual-reports [medium/4] | https://forms.office.com/pages/responsepage.aspx?id=N-edGDrJWk-LaG9MqZQZEn_4YzJg3wtMqTZGj64AarhURTRYNllGQTlMV1kxU0o0VFc2SU5DOThOTi4u&route=shorturl [low/2]
6a99095848e22578699d5e3e,fresher_offcampus_drives,5862,Startek x Zomato,2026-09-03T05:44:56.683Z,flagged,aggregator,,https://offcampusjobdrives.com/startek-x-zomato-recruitment-for-chat-voice-process-work-from-home/,,yes,1 candidate(s) on the page,https://naukri.com/job-listings-wfh-zomato-cd-startek-aegis-customer-support-services-pvt-ltd-india-0-to-2-years-170726013733?utmcampaign=androidjd&utmsource=share [low/3]
6a98fff8f300abb54ba76571,job4fresherss,19653,KPMG,2026-09-03T05:04:56.955Z,repaired,direct,,https://ejgk.fa.em2.oraclecloud.com/hcmUI/CandidateExperience/en/sites/CX_3/job/30048818?,https://ejgk.fa.em2.oraclecloud.com/hcmUI/CandidateExperience/en/sites/CX_3/job/30048818?,yes,ejgk.fa.em2.oraclecloud.com is a trusted ATS domain,
6a98fffaf300abb54ba76572,freshershunt,29934,Cognizant,2026-09-03T05:04:58.544Z,repaired,direct,7,https://freshershunt.in/cognizant-service-desk-off-campus-2026/,https://app.joinsuperset.com/join,yes,"trusted ATS domain; labelled ""Apply Now →"" (high)",
6a98ffabf300abb54ba7656f,job4fresherss,19652,Zycus,2026-09-03T05:03:39.587Z,repaired,direct,,https://zycus.talismatic.com/jobs/JYDR3ZWKE,https://zycus.talismatic.com/jobs/JYDR3ZWKE,yes,zycus.talismatic.com matches the posting's company,
6a98ffc7f300abb54ba76570,freshershunt,29933,TCS,2026-09-03T05:04:07.791Z,flagged,suspicious,,https://link.outskill.com/A-11,https://link.outskill.com/A-11,yes,https://link.outskill.com/A-11 → resolves to another wrapper (link.outskill.com is a link shortener or redirect wrapper — resolve it before storing),
6a98ffa3f300abb54ba7656d,job4fresherss,19651,Sanmina,2026-09-03T05:03:31.341Z,repaired,direct,,https://careers.sanmina.com/job/2471/graduate_trainee,https://careers.sanmina.com/job/2471/graduate_trainee,yes,careers.sanmina.com matches the posting's company,
6a99096d48e22578699d5e8a,placementdriveofficial,12874,,2026-09-03T05:45:17.458Z,repaired,direct,7,https://pdlink.in/4qOMpMS,https://digitalocean.com/careers/position/apply?gh_jid=7987334&gh_src=312a08e31us,yes,"path names a posting or form; official application form; labelled ""Click Here To Apply"" (high)",
6a98ff74f300abb54ba76542,offcampusjobs4u,20980,Zeta,2026-09-03T05:02:44.774Z,repaired,direct,,https://jobs.lever.co/zeta/b77cd6e4-ffd6-44f6-9b7e-18bf34f75b48/,https://jobs.lever.co/zeta/b77cd6e4-ffd6-44f6-9b7e-18bf34f75b48,yes,jobs.lever.co is a trusted ATS domain,
6a98ff5ff300abb54ba764f7,careerwithasr,2952,ZS,2026-09-03T05:02:23.999Z,repaired,direct,,https://jobs.zs.com/jobs/62377,https://jobs.zs.com/jobs/62377,yes,jobs.zs.com is a careers host,
6a98ff43f300abb54ba76494,offcampusjobs4u,20981,mthree,2026-09-03T05:01:55.931Z,repaired,direct,,http://job-boards.greenhouse.io/mthreerecruitingportal/jobs/4660233006,https://job-boards.greenhouse.io/mthreerecruitingportal/jobs/4660233006,yes,job-boards.greenhouse.io is a trusted ATS domain,
6a9870175a259b86e1393857,job4fresherss,19650,Omega Healthcare,2026-09-02T18:51:03.059Z,flagged,aggregator,,https://job4freshers.co.in/omega-healthcare-walk-in-management/,,yes,aggregator page had no apply candidate,
6a9870155a259b86e139384f,job4fresherss,19649,UPSC,2026-09-02T18:51:01.449Z,flagged,unresolvable,,,,yes,no URL,
6a986f9d5a259b86e1393702,offcampusjobs4u,20979,Qualcomm,2026-09-02T18:49:01.017Z,repaired,direct,,https://careers.qualcomm.com/careers/job/446720785732,https://careers.qualcomm.com/careers/job/446720785732,yes,careers.qualcomm.com matches the posting's company,
6a98ffa9f300abb54ba7656e,placementdriveofficial,12873,,2026-09-03T05:03:37.566Z,repaired,direct,7,https://pdlink.in/3UmycuN,https://google.com/about/careers/applications/jobs/results/104532643365692102-software-engineer,yes,"path names a posting or form; official application form; labelled ""Click Here To Apply"" (high)",
6a98579a2121e493fefde82f,freshershunt,29931,Google,2026-09-02T17:06:34.352Z,flagged,aggregator,,https://freshershunt.in/google-internship-2027-data-center-technician/,,yes,aggregator page had no apply candidate,
6a984a077703d5bce15314bb,careerwithasr,2950,Amazon,2026-09-02T16:08:39.286Z,repaired,direct,,https://www.amazon.jobs/en/jobs/10511697/packaging-associate-in-packaging,https://amazon.jobs/en/jobs/10511697/packaging-associate-in-packaging,yes,amazon.jobs matches the posting's company,
6a9849d27703d5bce1531415,offcampusjobs4u,20978,United Airlines,2026-09-02T16:07:46.260Z,repaired,direct,,https://careers.united.com/us/en/job/UAIUADUSGGN00002671EXTERNALENUSTALEO/Associate-Analyst-Financial-Planning-Analysis,https://careers.united.com/us/en/job/UAIUADUSGGN00002671EXTERNALENUSTALEO/Associate-Analyst-Financial-Planning-Analysis,yes,careers.united.com matches the posting's company,
6a9834cdb1e1a189555b6de1,getjobss,8135,Amtech,2026-09-02T14:38:05.701Z,repaired,direct,,https://engradar.com/jobs/greenhouse:amtechsoftware:4388057009,https://engradar.com/jobs/greenhouse:amtechsoftware:4388057009,yes,path names a posting or an application form,
6a9834cab1e1a189555b6de0,freshershunt,29929,Mastercard,2026-09-02T14:38:02.893Z,flagged,aggregator,,https://freshershunt.in/mastercard-ai-engineer-2026/,,yes,aggregator page had no apply candidate,
6a98ff86f300abb54ba7656c,placementdriveofficial,12872,,2026-09-03T05:03:02.986Z,repaired,direct,7,https://pdlink.in/4gyFjsx,https://usijobs.deloitte.com/en_US/careersUSI/JobDetail/USI-EH27-ES-DRS-Research-Account-Management-L25-Associate-Hyderabad/353755,yes,"path names a posting or form; official application form; labelled ""Click Here To Apply"" (high)",
6a9834c5b1e1a189555b6dde,job4fresherss,19647,Accenture,2026-09-02T14:37:57.671Z,repaired,direct,,https://www.accenture.com/in-en/careers/jobdetails?id=ATCI-5729897-S2066017_en,https://accenture.com/in-en/careers/jobdetails?id=ATCI-5729897-S2066017_en,yes,accenture.com matches the posting's company,
6a9834c8b1e1a189555b6ddf,job4fresherss,19648,Conduent,2026-09-02T14:38:00.826Z,flagged,aggregator,,https://job4freshers.co.in/conduent-walk-in-support-associate/,,yes,aggregator page had no apply candidate,
6a983481b1e1a189555b6d15,getjobss,8136,Akamai,2026-09-02T14:36:49.360Z,repaired,direct,,https://fa-extu-saasfaprod1.fa.ocs.oraclecloud.com/hcmUI/CandidateExperience/en/sites/CX_1/job/3606,https://fa-extu-saasfaprod1.fa.ocs.oraclecloud.com/hcmUI/CandidateExperience/en/sites/CX_1/job/3606,yes,fa-extu-saasfaprod1.fa.ocs.oraclecloud.com is a trusted ATS domain,
6a983469b1e1a189555b6cc3,getjobss,8134,Pravah,2026-09-02T14:36:25.417Z,repaired,direct,,https://jobs.ashbyhq.com/pravah/1e002f56-0b3c-4908-9bee-fb94215bfead,https://jobs.ashbyhq.com/pravah/1e002f56-0b3c-4908-9bee-fb94215bfead,yes,jobs.ashbyhq.com is a trusted ATS domain,
6a983467b1e1a189555b6cbb,getjobss,8133,Adbrew,2026-09-02T14:36:23.939Z,repaired,direct,,https://adbrew.notion.site/SDE-Intern-Adbrew-38b6f6887f14802ba9a4edd56a03d2d9,https://adbrew.notion.site/SDE-Intern-Adbrew-38b6f6887f14802ba9a4edd56a03d2d9,yes,adbrew.notion.site matches the posting's company,
6a983483b1e1a189555b6d1c,fresher_offcampus_drives,5860,Huron,2026-09-02T14:36:51.113Z,repaired,direct,12,https://offcampusjobdrives.com/huron-hiring-for-analytics-engineer-analyst/,https://huron.wd1.myworkdayjobs.com/en-GB/huroncareers/job/Bangalore-India---Outer-Ring-Road/Analytics-Engineer---Analyst_JR-0016367,yes,trusted ATS domain; host matches the company; path names a posting or form (highest),
6a98345eb1e1a189555b6c9e,internshiptojobs,2426,Insight Global,2026-09-02T14:36:14.463Z,flagged,suspicious,,https://www.linkedin.com/jobs/view/4460060571/,https://www.linkedin.com/jobs/view/4460060571/,yes,"linkedin.com is a third-party job board, not the employer's own application",
6a983462b1e1a189555b6cab,getjobss,8131,Guidanz,2026-09-02T14:36:18.345Z,repaired,direct,,https://www.guidanz.com/software-engineer-intern,https://guidanz.com/software-engineer-intern,yes,guidanz.com matches the posting's company,
6a98344db1e1a189555b6c82,careerwithasr,2949,Deloitte,2026-09-02T14:35:57.713Z,repaired,direct,,https://usijobs.deloitte.com/en_US/careersUSI/JobDetail/USI-EH27-Analyst-KS-Audit-Center-of-Excellence-COE-Associate-Content-Management-Hyderabad-Bengaluru/359102,https://usijobs.deloitte.com/en_US/careersUSI/JobDetail/USI-EH27-Analyst-KS-Audit-Center-of-Excellence-COE-Associate-Content-Management-Hyderabad-Bengaluru/359102,yes,usijobs.deloitte.com matches the posting's company,
6a983445b1e1a189555b6c68,offcampusjobs4u,20977,Kimberly-Clark,2026-09-02T14:35:49.525Z,repaired,direct,,https://kimberlyclark.wd1.myworkdayjobs.com/GLOBAL/job/Pune-Kharadi-Hub/Junior-Analyst--T-E-_886569?source=linkedin,https://kimberlyclark.wd1.myworkdayjobs.com/GLOBAL/job/Pune-Kharadi-Hub/Junior-Analyst--T-E-_886569,yes,kimberlyclark.wd1.myworkdayjobs.com is a trusted ATS domain,
6a983441b1e1a189555b6c5a,offcampusjobs4u,20976,HPE,2026-09-02T14:35:45.595Z,repaired,direct,,https://careers.hpe.com/us/en/job/1210218/Graduate-Software-Engineer?utm_source=linkedin,https://careers.hpe.com/us/en/job/1210218/Graduate-Software-Engineer,yes,careers.hpe.com matches the posting's company,
6a980ad9c24eef9b73546931,offcampusjobs4u,20975,Capgemini,2026-09-02T11:39:05.399Z,repaired,direct,,https://careers.capgemini.com/job/Bangalore-Automation-Test-Engineer/1431798633/?feedId=388933&utm_source=LinkedInJobPostings,https://careers.capgemini.com/job/Bangalore-Automation-Test-Engineer/1431798633/?feedId=388933,yes,careers.capgemini.com matches the posting's company,
6a980ad5c24eef9b73546923,careerwithasr,2948,GlobalFoundries,2026-09-02T11:39:01.490Z,repaired,direct,,https://careers.gf.com/careers/job/563980770309872?,https://careers.gf.com/careers/job/563980770309872?,yes,careers.gf.com is a careers host,
6a9804f14f09e0442713ad1f,job4fresherss,19646,Infosys,2026-09-02T11:13:53.084Z,repaired,direct,,https://career.infosys.com/jobdesc?jobReferenceCode=PROGEN-EXTERNAL-249465,https://career.infosys.com/jobdesc?jobReferenceCode=PROGEN-EXTERNAL-249465,yes,career.infosys.com matches the posting's company,
6a9857732121e493fefde7c6,placementdriveofficial,12870,,2026-09-02T17:05:55.925Z,repaired,direct,5,https://pdlink.in/4zQM7ct,https://careers.yash.com/job/Pune-Trainee-Consultant-SAP-IBP-Job/1362900566,yes,"path names a posting or form; labelled ""Click Here To Apply"" (high)",
6a98345cb1e1a189555b6c96,internshiptojobs,2425,Meril,2026-09-02T14:36:12.656Z,flagged,suspicious,,https://www.linkedin.com/jobs/view/4461722289/,https://www.linkedin.com/jobs/view/4461722289/,yes,"linkedin.com is a third-party job board, not the employer's own application",
6a97f5df949cde71e2154736,careerwithasr,2947,Telus Digital,2026-09-02T10:09:35.370Z,repaired,direct,,https://jobs.telusdigital.com/jobs/18136963-media-search-analyst-english-india,https://jobs.telusdigital.com/jobs/18136963-media-search-analyst-english-india,yes,jobs.telusdigital.com is a careers host,
6a97f5bb949cde71e21546ba,offcampusjobs4u,20974,Light & Wonder,2026-09-02T10:08:59.120Z,repaired,direct,,https://lnw.wd5.myworkdayjobs.com/LightWonderExternalCareers/job/Bangalore-India/Associate-Systems-Integration-Engineer_R322428?source=LinkedIn_Auto_Source,https://lnw.wd5.myworkdayjobs.com/LightWonderExternalCareers/job/Bangalore-India/Associate-Systems-Integration-Engineer_R322428,yes,lnw.wd5.myworkdayjobs.com is a trusted ATS domain,
6a97eadbdfcaab87ce955fae,Fresherjobsadda,4954,Cognizant,2026-09-02T09:22:35.691Z,flagged,suspicious,,https://jobs.dailypharmajobs.in/cognizant-walk-in-drive-2026-2/,https://jobs.dailypharmajobs.in/cognizant-walk-in-drive-2026-2/,yes,path looks like an SEO article slug,
6a97eabbdfcaab87ce955f3e,getjobss,8130,IQVIA,2026-09-02T09:22:03.257Z,repaired,direct,,https://jobs.iqvia.com/en/jobs/R1554096-0,https://jobs.iqvia.com/en/jobs/R1554096-0,yes,jobs.iqvia.com matches the posting's company,
6a97f622949cde71e215482c,freshershunt,29927,Cisco,2026-09-02T10:10:42.873Z,flagged,aggregator,,https://freshershunt.in/cisco-apprentice-2026/,,yes,aggregator page had no apply candidate,
6a97e3e85960f56fb4288376,freshershunt,29926,Infosys,2026-09-02T08:52:56.320Z,flagged,aggregator,,https://kickcharm.com/infosys-recruitment-hiring-any-graduates/,,yes,aggregator page had no apply candidate,
6a9804ef4f09e0442713ad1c,placementdriveofficial,12865,,2026-09-02T11:13:51.392Z,repaired,direct,5,https://pdlink.in/4x754Fb,https://careers.adobe.com/us/en/job/ADOBUSR171428EXTERNALENUS/Data-Science-Engineer,yes,"path names a posting or form; labelled ""Click Here To Apply"" (high)",
6a97e3cf5960f56fb4288373,job4fresherss,19645,KONE,2026-09-02T08:52:31.918Z,repaired,direct,,https://kone.wd3.myworkdayjobs.com/Careers/job/Chennai-ITECKBS/Associate-Engineer_R0663627/,https://kone.wd3.myworkdayjobs.com/Careers/job/Chennai-ITECKBS/Associate-Engineer_R0663627,yes,kone.wd3.myworkdayjobs.com is a trusted ATS and the host matches the company,
6a97e3b95960f56fb4288317,jobs_SQL,4935,Deloitte,2026-09-02T08:52:09.683Z,flagged,suspicious,,https://www.linkedin.com/jobs/view/4446283575/,https://www.linkedin.com/jobs/view/4446283575/,yes,"linkedin.com is a third-party job board, not the employer's own application",
6a97eaa2dfcaab87ce955ee6,HireMeFresh,1790,Cognizant,2026-09-02T09:21:38.795Z,flagged,suspicious,,https://jobs.dailypharmajobs.in/cognizant-walk-in-drive-2026-2/,https://jobs.dailypharmajobs.in/cognizant-walk-in-drive-2026-2/,yes,path looks like an SEO article slug,
6a97e3b65960f56fb4288307,offcampusjobs4u,20973,Wipro,2026-09-02T08:52:06.436Z,repaired,direct,,https://careers.wipro.com/job/Pune-PRODUCTION-AGENT-L1-IND-411005/197541-en_US/,https://careers.wipro.com/job/Pune-PRODUCTION-AGENT-L1-IND-411005/197541-en_US,yes,careers.wipro.com matches the posting's company,
6a97e3765960f56fb4288279,jobs_SQL,4933,Societe Generale,2026-09-02T08:51:02.833Z,repaired,direct,,https://careers.societegenerale.com/en/job-offers/consultant-business-analyst-26000CNY-en,https://careers.societegenerale.com/en/job-offers/consultant-business-analyst-26000CNY-en,yes,careers.societegenerale.com is a careers host,
6a97e35a5960f56fb4288220,careerwithasr,2946,Sasken,2026-09-02T08:50:34.407Z,repaired,direct,,https://www.hirewand.com/apply/job/detail?jid=20221077&sid=603c97cc12823e2c17d5185a&cpid=2022&uid=147403&src=jobpost,https://hirewand.com/apply/job/detail?jid=20221077&sid=603c97cc12823e2c17d5185a&cpid=2022&uid=147403,yes,path names a posting or an application form,
6a97da4d515586b8cd9c859d,job4fresherss,19643,NTT Data,2026-09-02T08:11:57.193Z,flagged,aggregator,,https://job4freshers.co.in/ntt-data-walk-in-sales/,,yes,aggregator page had no apply candidate,
6a97e3cd5960f56fb4288369,placementdriveofficial,12864,,2026-09-02T08:52:29.621Z,repaired,direct,5,https://pdlink.in/4xAHfXF,https://careers.unitedhealthgroup.com/job/-/-/34088/96545419744,yes,"path names a posting or form; labelled ""Click Here To Apply"" (high)",
6a97da37515586b8cd9c859c,freshershunt,29922,Fujitsu,2026-09-02T08:11:35.610Z,flagged,aggregator,,https://freshershunt.in/fujitsu-software-engineer-2026/,,yes,aggregator page had no apply candidate,
6a97e3b85960f56fb428830f,jobs_SQL,4934,EaseMyTrip,2026-09-02T08:52:08.096Z,flagged,suspicious,,https://www.linkedin.com/jobs/view/4459513207/,https://www.linkedin.com/jobs/view/4459513207/,yes,"linkedin.com is a third-party job board, not the employer's own application",
6a97da0e515586b8cd9c859a,job4fresherss,19644,mthree,2026-09-02T08:10:54.804Z,repaired,direct,,https://job-boards.greenhouse.io/mthreerecruitingportal/jobs/4660233006,https://job-boards.greenhouse.io/mthreerecruitingportal/jobs/4660233006,yes,job-boards.greenhouse.io is a trusted ATS domain,
6a97d9c5515586b8cd9c8598,job4fresherss,19642,NIKE,2026-09-02T08:09:41.817Z,repaired,direct,,https://careers.nike.com/software-engineer-i-itc/job/R-89081,https://careers.nike.com/software-engineer-i-itc/job/R-89081,yes,careers.nike.com matches the posting's company,
6a97d9b4515586b8cd9c8597,job4fresherss,19641,Zeta,2026-09-02T08:09:24.455Z,repaired,direct,,https://jobs.lever.co/zeta/b77cd6e4-ffd6-44f6-9b7e-18bf34f75b48/,https://jobs.lever.co/zeta/b77cd6e4-ffd6-44f6-9b7e-18bf34f75b48,yes,jobs.lever.co is a trusted ATS domain,
6a97d9b3515586b8cd9c8596,job4fresherss,19640,Omega Healthcare,2026-09-02T08:09:23.055Z,flagged,aggregator,,https://job4freshers.co.in/omega-healthcare-walk-in-management/,,yes,aggregator page had no apply candidate,
6a97da36515586b8cd9c859b,freshershunt,29921,TriNet,2026-09-02T08:11:34.120Z,flagged,aggregator,,https://freshershunt.in/trinet-off-campus-drive-2026/,,yes,aggregator page had no apply candidate,
6a97d9f6515586b8cd9c8599,placementdriveofficial,12863,,2026-09-02T08:10:30.889Z,flagged,suspicious,,https://pdlink.in/4cSKSQc⁠,https://pdlink.in/4cSKSQc⁠,yes,unresolved redirect wrapper (redirect loop),
6a97d97e515586b8cd9c8595,placementdriveofficial,12862,,2026-09-02T08:08:30.762Z,flagged,suspicious,,https://pdlink.in/3SKTCBc,https://pdlink.in/3SKTCBc,yes,unresolved redirect wrapper (redirect loop),
6a97d91c515586b8cd9c8593,fresher_offcampus_drives,5859,Cognizant,2026-09-02T08:06:52.445Z,flagged,aggregator,,https://kickcharm.com/cognizant-recruitment-hiring-for-fresher/,,yes,1 candidate(s) on the page,https://naukri.com/job-listings-process-executive-hyderabad-cognizant-hyderabad-0-to-0-years-030826012315?sid=17871354957682360_1&xp=5&px=2 [low/3]
6a97d8c7515586b8cd9c8591,offcampusjobs4u,20970,Infor,2026-09-02T08:05:27.127Z,repaired,direct,,https://careers.infor.com/postings/d5fc2387-0120-4f59-a5d0-f9c9d0e01def?utm_medium=job_board&utm_source=indeed,https://careers.infor.com/postings/d5fc2387-0120-4f59-a5d0-f9c9d0e01def,yes,careers.infor.com matches the posting's company,
6a97d8af515586b8cd9c853d,fresher_offcampus_drives,5858,IBM,2026-09-02T08:05:03.004Z,repaired,direct,7,https://offcampusjobdrives.com/ibm-hiring-for-application-developer-intern/,https://careers.ibm.com/en_US/careers/JobDetail?jobId=130244,yes,host matches the company; path names a posting or form (high),
6a97d8ad515586b8cd9c8535,careerwithasr,2945,Eurofins Analytical Services,2026-09-02T08:05:01.324Z,repaired,direct,,https://jobs.smartrecruiters.com/Eurofins/744000137828840-executive-qa,https://jobs.smartrecruiters.com/Eurofins/744000137828840-executive-qa,yes,jobs.smartrecruiters.com is a trusted ATS domain,
6a97d895515586b8cd9c84dc,careerwithasr,2944,Harmonic,2026-09-02T08:04:37.216Z,repaired,direct,,https://egmn.fa.us2.oraclecloud.com/hcmUI/CandidateExperience/en/sites/Harmonic/job/260140?,https://egmn.fa.us2.oraclecloud.com/hcmUI/CandidateExperience/en/sites/Harmonic/job/260140?,yes,egmn.fa.us2.oraclecloud.com is a trusted ATS domain,
6a97d86c515586b8cd9c8452,offcampusjobs4u,20972,Ecolab,2026-09-02T08:03:56.636Z,repaired,direct,,https://jobs.ecolab.com/global/en/job/EIYEIEUSR00300131EXTERNALENGLOBAL/Associate-AI-Engineer?utm_source=srm_linkedin_org,https://jobs.ecolab.com/global/en/job/EIYEIEUSR00300131EXTERNALENGLOBAL/Associate-AI-Engineer,yes,jobs.ecolab.com matches the posting's company,
6a97d86b515586b8cd9c844b,offcampusjobs4u,20971,KONE,2026-09-02T08:03:55.096Z,repaired,direct,,https://kone.wd3.myworkdayjobs.com/Careers/job/Chennai-ITECKBS/Associate-Engineer_R0663627/,https://kone.wd3.myworkdayjobs.com/Careers/job/Chennai-ITECKBS/Associate-Engineer_R0663627,yes,kone.wd3.myworkdayjobs.com is a trusted ATS and the host matches the company,
6a97d856515586b8cd9c8407,offcampusjobs4u,20969,Cisco,2026-09-02T08:03:34.333Z,flagged,suspicious,,https://www.instamojo.com/offcampusjobsforyou/download-100-resume-templates-15-cover-lette/,https://www.instamojo.com/offcampusjobsforyou/download-100-resume-templates-15-cover-lette/,yes,"no employer, ATS or application signal — needs review",
6a9705463f19cb0a9c122dba,job4fresherss,19639,IOCL,2026-09-01T17:03:02.654Z,flagged,unresolvable,,,,yes,no URL,
6a97d949515586b8cd9c8594,placementdriveofficial,12860,,2026-09-02T08:07:37.926Z,flagged,suspicious,,https://pdlink.in/4xQFGVL,https://pdlink.in/4xQFGVL,yes,unresolved redirect wrapper (redirect loop),
6a96eed2849a68b9ec3408f7,offcampusjobs4u,20966,Wipro,2026-09-01T15:27:14.008Z,repaired,direct,,https://careers.wipro.com/job/Mumbai-Associate-analyst-IND-400708/196863-en_US/,https://careers.wipro.com/job/Mumbai-Associate-analyst-IND-400708/196863-en_US,yes,careers.wipro.com matches the posting's company,
6a96c56434c233e1b4574e1b,fresher_offcampus_drives,5856,Deloitte,2026-09-01T12:30:28.196Z,flagged,aggregator,,https://kickcharm.com/deloitte-recruitment-hiring-any-graduates-fresher/,,yes,1 candidate(s) on the page,https://linkedin.com/jobs/view/4460460565 [low/3]
6a96c56334c233e1b4574e1a,fresher_offcampus_drives,5855,Emerson,2026-09-01T12:30:27.071Z,repaired,direct,8,https://offcampusjobdrives.com/emerson-recruitment-for-software-test-engineer/,https://hdjq.fa.us2.oraclecloud.com/hcmUI/CandidateExperience/en/sites/CX_1/job/26008147?keyword=engineer&location=India&locationId=300000000228786&locationLevel=country&mode=location,yes,trusted ATS domain; path names a posting or form (high),
6a97d907515586b8cd9c8592,placementdriveofficial,12859,,2026-09-02T08:06:31.429Z,flagged,suspicious,,https://pdlink.in/3V6ekMw,https://pdlink.in/3V6ekMw,yes,unresolved redirect wrapper (redirect loop),
6a96c56034c233e1b4574e18,getjobss,8128,PhonePe,2026-09-01T12:30:24.627Z,flagged,suspicious,,https://www.linkedin.com/jobs/view/4459216048/,https://www.linkedin.com/jobs/view/4459216048/,yes,"linkedin.com is a third-party job board, not the employer's own application",
6a96c55f34c233e1b4574e17,jobs_SQL,4931,IQVIA,2026-09-01T12:30:23.419Z,repaired,direct,,https://iqvia.wd1.myworkdayjobs.com/en-US/IQVIA/job/Data-Analyst_R1553302,https://iqvia.wd1.myworkdayjobs.com/en-US/IQVIA/job/Data-Analyst_R1553302,yes,iqvia.wd1.myworkdayjobs.com is a trusted ATS and the host matches the company,
6a96c56134c233e1b4574e19,fresher_offcampus_drives,5854,Side,2026-09-01T12:30:25.848Z,flagged,aggregator,,https://offcampusjobdrives.com/side-hiring-for-trainee-test-engineer-manual-game-testing/,,yes,aggregator page had no apply candidate,
6a96c55c34c233e1b4574e15,jobs_SQL,4929,Indigo,2026-09-01T12:30:20.528Z,repaired,direct,,https://www.goindigo.in/careers/job-details/Data-Analyst/10029.html?source=linkedin,https://goindigo.in/careers/job-details/Data-Analyst/10029.html,yes,path names a posting or an application form,
6a96c55b34c233e1b4574e14,careerwithasr,2942,Micron Technology,2026-09-01T12:30:19.146Z,repaired,direct,,https://careers.micron.com/careers/job/43617841,https://careers.micron.com/careers/job/43617841,yes,careers.micron.com matches the posting's company,
6a96c52a34c233e1b4574ce4,careerwithasr,2941,Google,2026-09-01T12:29:30.039Z,repaired,direct,,https://www.google.com/about/careers/applications/jobs/results/99925955933283014-data-center-technician-intern/,https://google.com/about/careers/applications/jobs/results/99925955933283014-data-center-technician-intern,yes,google.com matches the posting's company,
6a96c52834c233e1b4574cda,careerwithasr,2940,Accenture,2026-09-01T12:29:28.916Z,repaired,direct,,https://www.accenture.com/in-en/careers/jobdetails?id=AIOC-S01661922_en,https://accenture.com/in-en/careers/jobdetails?id=AIOC-S01661922_en,yes,accenture.com matches the posting's company,
6a96c52734c233e1b4574cc3,offcampusjobs4u,20964,Cognizant,2026-09-01T12:29:27.786Z,repaired,direct,,https://app.joinsuperset.com/join/#/signup/student/jobprofiles/a8af19f3-444e-43bd-8828-e8656f637a17,https://app.joinsuperset.com/join,yes,app.joinsuperset.com is a trusted ATS domain,
6a96c52634c233e1b4574ca6,offcampusjobs4u,20963,NTT DATA,2026-09-01T12:29:26.563Z,repaired,direct,,https://careers.services.global.ntt/global/en/job/NTT1GLOBAL372701EXTERNALENGLOBAL/Call-Center-Associate,https://careers.services.global.ntt/global/en/job/NTT1GLOBAL372701EXTERNALENGLOBAL/Call-Center-Associate,yes,careers.services.global.ntt matches the posting's company,
6a96c52434c233e1b4574c7b,careerwithasr,2905,IBPS,2026-09-01T12:29:24.306Z,flagged,unresolvable,,,,yes,no URL,
6a96c55e34c233e1b4574e16,jobs_SQL,4930,WebFX,2026-09-01T12:30:22.017Z,flagged,suspicious,,https://www.linkedin.com/jobs/view/4211452245/,https://www.linkedin.com/jobs/view/4211452245/,yes,"linkedin.com is a third-party job board, not the employer's own application",
6a96a80758027b14c4ceef6a,freshershunt,29912,HCLTech,2026-09-01T10:25:11.812Z,flagged,aggregator,,https://freshershunt.in/hcltech-internship-2026/,,yes,aggregator page had no apply candidate,
6a96a80058027b14c4ceef69,freshershunt,29908,Google,2026-09-01T10:25:04.080Z,flagged,aggregator,,https://freshershunt.in/google-internship-2027-data-center-technician/,,yes,aggregator page had no apply candidate,
6a96a7fb58027b14c4ceef67,job4fresherss,19631,ISRO,2026-09-01T10:24:59.717Z,flagged,unresolvable,,,,yes,no URL,
6a96a7d958027b14c4ceef66,job4fresherss,19630,Deutsche Bank Group,2026-09-01T10:24:25.089Z,repaired,direct,,https://careers.db.com/professionals/search-roles/?test.html%3Fkid%3D=linkedinjobwrap#/professional/job/75245,https://careers.db.com/professionals/search-roles/?test.html%3Fkid%3D=linkedinjobwrap,yes,careers.db.com is a careers host,
6a96a7d758027b14c4ceef65,job4fresherss,19629,ABB,2026-09-01T10:24:23.320Z,repaired,direct,,https://careers.abb/global/en/job/JR00001300/ITI-Trainee,https://careers.abb/global/en/job/JR00001300/ITI-Trainee,yes,careers.abb matches the posting's company,
6a96f401095e88739f854849,placementdriveofficial,12855,,2026-09-01T15:49:21.790Z,flagged,aggregator,,https://pdlink.in/4gKnupa,,yes,"best candidate is suspicious (naukri.com is a third-party job board, not the employer's own application)",https://naukri.com/job-listings-direct-walk-in-for-international-voice-process-taramani-ambattur-enoah-isolution-chennai-0-to-3-years-061224009654?sid=17876561112995806_3&xp=15&px=3 [high/5]
6a96a7d558027b14c4ceef64,job4fresherss,19628,Capita,2026-09-01T10:24:21.151Z,flagged,aggregator,,https://job4freshers.co.in/capita-walk-in-executive/,,yes,aggregator page had no apply candidate,
6a96a7fd58027b14c4ceef68,freshershunt,29907,Cvent,2026-09-01T10:25:01.828Z,repaired,direct,5,https://freshershunt.in/cvent-internship-2026/,https://careers.cvent.com/,yes,"host matches the company; labelled ""Cvent careers site"" (high)",
6a96a7cb58027b14c4ceef62,placementdriveofficial,12849,Capgemini,2026-09-01T10:24:11.619Z,repaired,direct,9,https://placementdrive.in/job/capgemini-recruitment-bi-etl-test-engineer,https://careers.capgemini.com/job/Hyderabad-Associate-BI-ETL-Test-Engineer/1431866333,yes,"host matches the company; path names a posting or form; labelled ""Click Here To Apply"" (highest)",
6a96a7d258027b14c4ceef63,placementdriveofficial,12850,S&P Global,2026-09-01T10:24:18.958Z,repaired,direct,5,https://pdlink.in/4zNTJwx⁠￼,https://careers.spglobal.com/jobs/330681?lang=en-us,yes,"path names a posting or form; labelled ""Click Here To Apply"" (high)",
6a96a7c258027b14c4ceef5f,getjobss,8126,United Airlines,2026-09-01T10:24:02.038Z,repaired,direct,,https://careers.united.com/us/en/job/GGN00002661/Associate-Engineer-Digital-Technology,https://careers.united.com/us/en/job/GGN00002661/Associate-Engineer-Digital-Technology,yes,careers.united.com matches the posting's company,
6a96a79d58027b14c4ceef5e,careerwithasr,2939,UPSC,2026-09-01T10:23:25.074Z,flagged,unresolvable,,,,yes,no URL,
6a96a79b58027b14c4ceef5d,offcampusjobs4u,20962,IQVIA,2026-09-01T10:23:23.271Z,repaired,direct,,https://jobs.iqvia.com/en/jobs/R1560216-0,https://jobs.iqvia.com/en/jobs/R1560216-0,yes,jobs.iqvia.com matches the posting's company,
6a96a79958027b14c4ceef5c,offcampusjobs4u,20961,Infineon,2026-09-01T10:23:21.336Z,repaired,direct,,https://jobs.infineon.com/careers/job/563808971782823?utm_source=linkedin&domain=infineon.com#!source=400,https://jobs.infineon.com/careers/job/563808971782823?domain=infineon.com,yes,jobs.infineon.com matches the posting's company,
6a96a79758027b14c4ceef5b,offcampusjobs4u,20960,Experian,2026-09-01T10:23:19.178Z,repaired,direct,,https://jobs.smartrecruiters.com/Experian/744000142561594-software-engineer?trid=2d92f286-613b-4daf-9dfa-6340ffbecf73,https://jobs.smartrecruiters.com/Experian/744000142561594-software-engineer?trid=2d92f286-613b-4daf-9dfa-6340ffbecf73,yes,jobs.smartrecruiters.com is a trusted ATS domain,
6a96a78f58027b14c4ceef5a,offcampusjobs4u,20959,Microsoft,2026-09-01T10:23:11.573Z,repaired,direct,,https://apply.careers.microsoft.com/careers/job/1970393556978214,https://apply.careers.microsoft.com/careers/job/1970393556978214,yes,apply.careers.microsoft.com matches the posting's company,
6a96a7c958027b14c4ceef61,placementdriveofficial,12848,IQVIA,2026-09-01T10:24:09.419Z,repaired,direct,9,https://placementdrive.in/job/iqvia-data-analyst-jobs-sep-2026,https://jobs.iqvia.com/en/jobs/R1553302-0?amp%3Butm_source=linkedin.com&amp%3Butm_medium=job_posting,yes,"host matches the company; path names a posting or form; labelled ""Click Here To Apply"" (highest)",
6a96a78a58027b14c4ceef59,freshershunt,29905,A.P. Moller – Maersk (APM Terminals),2026-09-01T10:23:06.804Z,repaired,direct,8,https://freshershunt.in/maersk-off-campus-drive-2026/,https://maersk.com/careers,yes,"host matches the company; path names a posting or form; labelled ""Maersk careers site"" (high)",
6a96a7c658027b14c4ceef60,placementdriveofficial,12847,Goldman Sachs,2026-09-01T10:24:06.663Z,repaired,direct,10,https://placementdrive.in/job/goldman-sachs-recruitment-sep-2026,https://hdpc.fa.us2.oraclecloud.com/hcmUI/CandidateExperience/en/sites/LateralHiring/job/182856,yes,"trusted ATS domain; path names a posting or form; labelled ""Click Here To Apply"" (highest)",
6a96a78758027b14c4ceef58,freshershunt,29904,Medpace,2026-09-01T10:23:03.923Z,flagged,aggregator,,https://freshershunt.in/medpace-off-campus-drive-2026-2/,,yes,aggregator page had no apply candidate,
6a96a78558027b14c4ceef57,freshershunt,29903,Medpace,2026-09-01T10:23:01.880Z,flagged,aggregator,,https://freshershunt.in/medpace-off-campus-drive-2026-2/,,yes,aggregator page had no apply candidate,
6a96a75d58027b14c4ceef54,freshershunt,29899,ReliaQuest,2026-09-01T10:22:21.405Z,flagged,suspicious,,https://fresherjobinfo.in/reliaquest-off-campus-drive-2026/,https://fresherjobinfo.in/reliaquest-off-campus-drive-2026/,yes,"host contains ""fresher""",
6a96a78358027b14c4ceef56,freshershunt,29902,Hewlett Packard Enterprise,2026-09-01T10:22:59.639Z,flagged,aggregator,,https://freshershunt.in/hpe-hiring-freshers-2026/,,yes,aggregator page had no apply candidate,
6a96a76158027b14c4ceef55,freshershunt,29901,HARMAN Automotive (Samsung),2026-09-01T10:22:25.079Z,repaired,direct,5,https://freshershunt.in/harman-internship-2026/,https://jobsearch.harman.com/,yes,"host matches the company; labelled ""HARMAN careers site"" (high)",
6a96a75b58027b14c4ceef53,freshershunt,29897,EY Global Delivery Services,2026-09-01T10:22:19.041Z,repaired,direct,6,https://freshershunt.in/ey-gds-off-campus-drive-2026/,https://ey.com/en_in/careers,yes,"path names a posting or form; official application form; labelled ""EY India careers site"" (high)",
6a96a74c58027b14c4ceef51,freshershunt,29893,TCS,2026-09-01T10:22:04.035Z,flagged,aggregator,,https://kickcharm.com/tcs-nqt-2022-registration-started/,,yes,aggregator page had no apply candidate,
6a96a74e58027b14c4ceef52,freshershunt,29894,Google,2026-09-01T10:22:06.637Z,flagged,aggregator,,https://freshershunt.in/google-internship-2027-data-center-technician/,,yes,aggregator page had no apply candidate,
6a96a72358027b14c4ceef50,freshershunt,29889,Cognizant,2026-09-01T10:21:23.428Z,repaired,direct,7,https://freshershunt.in/cognizant-service-desk-off-campus-2026/,https://app.joinsuperset.com/join,yes,"trusted ATS domain; labelled ""Apply Now →"" (high)",
6a96a71f58027b14c4ceef4f,freshershunt,29887,Wipro Limited,2026-09-01T10:21:19.278Z,repaired,direct,5,https://freshershunt.in/wipro-walk-in-drive/,https://careers.wipro.com/,yes,"host matches the company; labelled ""official Wipro careers site"" (high)",
6a96a71758027b14c4ceef4e,freshershunt,29886,Amazon,2026-09-01T10:21:11.714Z,repaired,direct,9,https://freshershunt.in/amazon-work-from-home-2026-ml-data-operations-associate/,https://amazon.jobs/en/jobs/3134249/associate-ml-data-operations-go-ai-operations,yes,"host matches the company; path names a posting or form; labelled ""Apply Now →"" (highest)",
6a96a71058027b14c4ceef4d,freshershunt,29883,Deloitte,2026-09-01T10:21:04.063Z,flagged,aggregator,,https://freshershunt.in/deloitte-automation-testing-2026/,,yes,aggregator page had no apply candidate,
6a96a70d58027b14c4ceef4c,freshershunt,29882,Microsoft,2026-09-01T10:21:01.813Z,flagged,aggregator,,https://freshershunt.in/microsoft-software-engineering-internship-2026/,,yes,aggregator page had no apply candidate,
6a96a6e358027b14c4ceef4a,freshershunt,29877,TCS iON,2026-09-01T10:20:19.144Z,flagged,suspicious,,https://link.outskill.com/A-11,https://link.outskill.com/A-11,yes,https://link.outskill.com/A-11 → resolves to another wrapper (link.outskill.com is a link shortener or redirect wrapper — resolve it before storing),
6a96a6e558027b14c4ceef4b,freshershunt,29878,Cognizant,2026-09-01T10:20:21.620Z,repaired,direct,7,https://freshershunt.in/cognizant-service-desk-off-campus-2026/,https://app.joinsuperset.com/join,yes,"trusted ATS domain; labelled ""Apply Now →"" (high)",
6a96a6db58027b14c4ceef49,freshershunt,29876,Unisys,2026-09-01T10:20:11.630Z,flagged,aggregator,,https://freshershunt.in/unisys-ai-engineering-intern-2026/,,yes,aggregator page had no apply candidate,
6a96a6d958027b14c4ceef48,freshershunt,29875,HCLTech,2026-09-01T10:20:09.696Z,flagged,aggregator,,https://freshershunt.in/hcltech-mega-off-campus-drive-2026/,,yes,5 candidate(s) on the page,https://hcltech.com/careers [high/8] | https://hcltech.com/careers/campus-hiring [high/7] | https://hcltech.com/ [medium/4] | https://hcltech.com/investors/annual-reports [medium/4] | https://forms.office.com/pages/responsepage.aspx?id=N-edGDrJWk-LaG9MqZQZEn_4YzJg3wtMqTZGj64AarhURTRYNllGQTlMV1kxU0o0VFc2SU5DOThOTi4u&route=shorturl [low/2]
6a96a6d358027b14c4ceef47,freshershunt,29873,Amazon,2026-09-01T10:20:03.987Z,repaired,direct,9,https://freshershunt.in/amazon-work-from-home-2026-ml-data-operations-associate/,https://amazon.jobs/en/jobs/3134249/associate-ml-data-operations-go-ai-operations,yes,"host matches the company; path names a posting or form; labelled ""Apply Now →"" (highest)",
6a96a6d158027b14c4ceef46,freshershunt,29872,Accenture,2026-09-01T10:20:01.861Z,flagged,aggregator,,https://freshershunt.in/accenture-off-campus-drive-2026-aiml/,,yes,aggregator page had no apply candidate,
6a96a6ab58027b14c4ceef43,freshershunt,29869,Deloitte,2026-09-01T10:19:23.272Z,flagged,aggregator,,https://kickcharm.com/deloitte-recruitment-hiring-any-graduates-fresher/,,yes,1 candidate(s) on the page,https://linkedin.com/jobs/view/4460460565 [low/3]
6a96a6cf58027b14c4ceef45,freshershunt,29871,IBM,2026-09-01T10:19:59.899Z,repaired,direct,8,https://freshershunt.in/ibm-process-associate-2026/,https://ibm.com/careers/search,yes,"host matches the company; path names a posting or form; labelled ""IBM careers search page"" (high)",
6a96a6ad58027b14c4ceef44,freshershunt,29870,JPMorganChase,2026-09-01T10:19:25.217Z,flagged,aggregator,,https://freshershunt.in/jpmorgan-chase-off-campus-drive-2026/,,yes,aggregator page had no apply candidate,
6a96a69d58027b14c4ceef40,freshershunt,29865,Mavenir,2026-09-01T10:19:09.462Z,flagged,suspicious,,https://fresherjobinfo.in/mavenir-off-campus-drive-2026/,https://fresherjobinfo.in/mavenir-off-campus-drive-2026/,yes,"host contains ""fresher""",
6a96a6a958027b14c4ceef42,freshershunt,29868,Google,2026-09-01T10:19:21.324Z,flagged,aggregator,,https://freshershunt.in/google-internship-2027-data-center-technician/,,yes,aggregator page had no apply candidate,
6a96a69f58027b14c4ceef41,freshershunt,29866,Infosys,2026-09-01T10:19:11.494Z,flagged,aggregator,,https://freshershunt.in/infosys-off-campus-drive-2026-mainframe-developer/,,yes,aggregator page had no apply candidate,
6a96a69358027b14c4ceef3d,freshershunt,29861,TCS iON,2026-09-01T10:18:59.656Z,flagged,suspicious,,https://link.outskill.com/A-11,https://link.outskill.com/A-11,yes,https://link.outskill.com/A-11 → resolves to another wrapper (link.outskill.com is a link shortener or redirect wrapper — resolve it before storing),
6a96a69a58027b14c4ceef3f,freshershunt,29864,Accenture,2026-09-01T10:19:06.711Z,flagged,aggregator,,https://freshershunt.in/accenture-custom-software-engineer-2026/,,yes,aggregator page had no apply candidate,
6a96a69558027b14c4ceef3e,freshershunt,29862,Cognizant,2026-09-01T10:19:01.770Z,repaired,direct,7,https://freshershunt.in/cognizant-service-desk-off-campus-2026/,https://app.joinsuperset.com/join,yes,"trusted ATS domain; labelled ""Apply Now →"" (high)",
6a96a67158027b14c4ceef3c,freshershunt,29860,Cognizant,2026-09-01T10:18:25.428Z,flagged,aggregator,,https://freshershunt.in/cognizant-gen-ai-hiring-2026/,,yes,aggregator page had no apply candidate,
6a96a66d58027b14c4ceef3b,freshershunt,29858,Amazon,2026-09-01T10:18:21.209Z,repaired,direct,9,https://freshershunt.in/amazon-work-from-home-2026-ml-data-operations-associate/,https://amazon.jobs/en/jobs/3134249/associate-ml-data-operations-go-ai-operations,yes,"host matches the company; path names a posting or form; labelled ""Apply Now →"" (highest)",
6a96a66b58027b14c4ceef3a,freshershunt,29857,Qualcomm India,2026-09-01T10:18:19.013Z,flagged,aggregator,,https://freshershunt.in/qualcomm-2027-campus-hiring/,,yes,aggregator page had no apply candidate,
6a96a66158027b14c4ceef39,freshershunt,29855,Unisys,2026-09-01T10:18:09.325Z,flagged,aggregator,,https://freshershunt.in/unisys-ai-engineering-intern-2026/,,yes,aggregator page had no apply candidate,
6a96a65758027b14c4ceef36,freshershunt,29851,,2026-09-01T10:17:59.659Z,flagged,suspicious,,https://go.acciojob.com/AwmKgp,https://go.acciojob.com/AwmKgp,yes,"https://go.acciojob.com/AwmKgp → host contains ""placement""",
6a96a65e58027b14c4ceef38,freshershunt,29854,HCLTech,2026-09-01T10:18:06.722Z,flagged,aggregator,,https://freshershunt.in/hcltech-mega-off-campus-drive-2026/,,yes,5 candidate(s) on the page,https://hcltech.com/careers [high/8] | https://hcltech.com/careers/campus-hiring [high/7] | https://hcltech.com/ [medium/4] | https://hcltech.com/investors/annual-reports [medium/4] | https://forms.office.com/pages/responsepage.aspx?id=N-edGDrJWk-LaG9MqZQZEn_4YzJg3wtMqTZGj64AarhURTRYNllGQTlMV1kxU0o0VFc2SU5DOThOTi4u&route=shorturl [low/2]
6a96a65b58027b14c4ceef37,freshershunt,29853,Deloitte,2026-09-01T10:18:03.893Z,flagged,aggregator,,https://freshershunt.in/deloitte-automation-testing-2026/,,yes,aggregator page had no apply candidate,
6a96a62e58027b14c4ceef33,freshershunt,29847,Cognizant,2026-09-01T10:17:18.998Z,flagged,aggregator,,https://kickcharm.com/cognizant-recruitment-hiring-for-fresher/,,yes,1 candidate(s) on the page,https://naukri.com/job-listings-process-executive-hyderabad-cognizant-hyderabad-0-to-0-years-030826012315?sid=17871354957682360_1&xp=5&px=2 [low/3]
6a96a63558027b14c4ceef35,freshershunt,29850,athenahealth,2026-09-01T10:17:25.191Z,flagged,aggregator,,https://freshershunt.in/athenahealth-off-campus-drive-2026/,,yes,aggregator page had no apply candidate,
6a96a63158027b14c4ceef34,freshershunt,29848,Accenture,2026-09-01T10:17:21.324Z,flagged,aggregator,,https://freshershunt.in/accenture-freshers-hiring-2026/,,yes,aggregator page had no apply candidate,
6a96a61f58027b14c4ceef30,freshershunt,29843,Tata Consultancy Services,2026-09-01T10:17:03.951Z,flagged,suspicious,,https://link.outskill.com/A-11,https://link.outskill.com/A-11,yes,https://link.outskill.com/A-11 → resolves to another wrapper (link.outskill.com is a link shortener or redirect wrapper — resolve it before storing),
6a96a62758027b14c4ceef32,freshershunt,29846,IBM,2026-09-01T10:17:11.442Z,flagged,aggregator,,https://freshershunt.in/ibm-off-campus-drive-2026-data-scientist/,,yes,aggregator page had no apply candidate,
6a96a62258027b14c4ceef31,freshershunt,29844,Cognizant,2026-09-01T10:17:06.744Z,repaired,direct,7,https://freshershunt.in/cognizant-service-desk-off-campus-2026/,https://app.joinsuperset.com/join,yes,"trusted ATS domain; labelled ""Apply Now →"" (high)",
6a96a61d58027b14c4ceef2f,freshershunt,29842,Xerox,2026-09-01T10:17:01.881Z,flagged,aggregator,,https://freshershunt.in/xerox-internship-2026-kolkata/,,yes,aggregator page had no apply candidate,
6a96a5f958027b14c4ceef2e,freshershunt,29840,Amazon,2026-09-01T10:16:25.582Z,flagged,aggregator,,https://freshershunt.in/amazon-sde-intern-2027/,,yes,aggregator page had no apply candidate,
6a96a5f758027b14c4ceef2d,freshershunt,29839,Google,2026-09-01T10:16:23.157Z,flagged,aggregator,,https://freshershunt.in/google-internship-2027-data-center-technician/,,yes,aggregator page had no apply candidate,
6a96a5f558027b14c4ceef2c,freshershunt,29838,Intuit,2026-09-01T10:16:21.186Z,flagged,aggregator,,https://freshershunt.in/intuit-off-campus-drive-2026/,,yes,aggregator page had no apply candidate,
6a96a5e458027b14c4ceef2b,freshershunt,29833,Lumilens,2026-09-01T10:16:04.061Z,flagged,aggregator,,https://freshershunt.in/lumilens-off-campus-drive-2026/,,yes,aggregator page had no apply candidate,
6a96a5df58027b14c4ceef29,freshershunt,29831,VIR Softech,2026-09-01T10:15:59.794Z,flagged,suspicious,,https://go.acciojob.com/6VUpyQ,https://go.acciojob.com/6VUpyQ,yes,"https://go.acciojob.com/6VUpyQ → host contains ""placement""",
6a96a5e158027b14c4ceef2a,freshershunt,29832,Infosys,2026-09-01T10:16:01.924Z,flagged,aggregator,,https://freshershunt.in/infosys-off-campus-drive-2026-mainframe-developer/,,yes,aggregator page had no apply candidate,
6a96a5bc58027b14c4ceef28,freshershunt,29830,Microsoft,2026-09-01T10:15:24.987Z,flagged,aggregator,,https://freshershunt.in/microsoft-software-engineer-2026/,,yes,aggregator page had no apply candidate,
6a96a5b958027b14c4ceef27,freshershunt,29828,Merck,2026-09-01T10:15:21.277Z,flagged,aggregator,,https://freshershunt.in/merck-software-engineer-2026/,,yes,aggregator page had no apply candidate,
6a96a5af58027b14c4ceef26,freshershunt,29826,LG Ad Solutions,2026-09-01T10:15:11.558Z,flagged,aggregator,,https://freshershunt.in/lg-ad-solutions-off-campus-drive-2026/,,yes,aggregator page had no apply candidate,
6a96a5ad58027b14c4ceef25,freshershunt,29825,Sony Research India,2026-09-01T10:15:09.358Z,flagged,aggregator,,https://freshershunt.in/sony-data-science-intern-2026/,,yes,aggregator page had no apply candidate,
6a96a5a858027b14c4ceef24,freshershunt,29823,Accenture,2026-09-01T10:15:04.085Z,flagged,aggregator,,https://freshershunt.in/accenture-off-campus-drive-2026-aiml/,,yes,aggregator page had no apply candidate,
6a96a5a558027b14c4ceef23,freshershunt,29822,IBM,2026-09-01T10:15:01.755Z,flagged,aggregator,,https://freshershunt.in/ibm-off-campus-drive-2026-data-scientist/,,yes,aggregator page had no apply candidate,
6a96a5a358027b14c4ceef22,freshershunt,29821,Fortive,2026-09-01T10:14:59.949Z,flagged,aggregator,,https://freshershunt.in/fortive-off-campus-drive-2026/,,yes,aggregator page had no apply candidate,
6a96a58158027b14c4ceef21,freshershunt,29820,BNP Paribas,2026-09-01T10:14:25.048Z,flagged,aggregator,,https://freshershunt.in/bnp-paribas-internship-2026-bengaluru/,,yes,aggregator page had no apply candidate,
6a96a57358027b14c4ceef1e,freshershunt,29816,Sutherland,2026-09-01T10:14:11.426Z,flagged,aggregator,,https://kickcharm.com/sutherland-work-from-home-hiring-freshers/,,yes,1 candidate(s) on the page,https://jobs.sutherlandglobal.com/job-details/associate-sr-associate-refferal-in-insurance-jobs-1639268 [low/3]
6a96a57d58027b14c4ceef20,freshershunt,29818,Micron Technology,2026-09-01T10:14:21.195Z,flagged,aggregator,,https://freshershunt.in/micron-hiring-2026-associate-engineer-intern/,,yes,aggregator page had no apply candidate,
6a96a57b58027b14c4ceef1f,freshershunt,29817,AiPrise,2026-09-01T10:14:19.450Z,flagged,aggregator,,https://freshershunt.in/aiprise-off-campus-drive-2026/,,yes,aggregator page had no apply candidate,
6a96a57158027b14c4ceef1d,freshershunt,29815,Barry-Wehmiller,2026-09-01T10:14:09.529Z,flagged,aggregator,,https://freshershunt.in/barry-wehmiller-ai-internship-2026/,,yes,aggregator page had no apply candidate,
6a96a56e58027b14c4ceef1c,freshershunt,29814,Cognizant,2026-09-01T10:14:06.930Z,flagged,aggregator,,https://freshershunt.in/cognizant-gen-ai-hiring-2026/,,yes,aggregator page had no apply candidate,
6a96a54158027b14c4ceef19,freshershunt,29808,TCS iON,2026-09-01T10:13:21.363Z,flagged,suspicious,,https://link.outskill.com/A-11,https://link.outskill.com/A-11,yes,https://link.outskill.com/A-11 → resolves to another wrapper (link.outskill.com is a link shortener or redirect wrapper — resolve it before storing),
6a96a56958027b14c4ceef1b,freshershunt,29812,Cognizant,2026-09-01T10:14:01.820Z,repaired,direct,7,https://freshershunt.in/cognizant-service-desk-off-campus-2026/,https://app.joinsuperset.com/join,yes,"trusted ATS domain; labelled ""Apply Now →"" (high)",
6a96a54358027b14c4ceef1a,freshershunt,29809,HCLTech,2026-09-01T10:13:23.168Z,flagged,aggregator,,https://freshershunt.in/hcltech-mega-off-campus-drive-2026/,,yes,5 candidate(s) on the page,https://hcltech.com/careers [high/8] | https://hcltech.com/careers/campus-hiring [high/7] | https://hcltech.com/ [medium/4] | https://hcltech.com/investors/annual-reports [medium/4] | https://forms.office.com/pages/responsepage.aspx?id=N-edGDrJWk-LaG9MqZQZEn_4YzJg3wtMqTZGj64AarhURTRYNllGQTlMV1kxU0o0VFc2SU5DOThOTi4u&route=shorturl [low/2]
6a96a53558027b14c4ceef18,freshershunt,29805,HackerRank,2026-09-01T10:13:09.411Z,flagged,aggregator,,https://freshershunt.in/hackerrank-off-campus-drive-2026/,,yes,aggregator page had no apply candidate,
6a96a53258027b14c4ceef17,freshershunt,29804,LinkedIn,2026-09-01T10:13:06.715Z,flagged,aggregator,,https://freshershunt.in/linkedin-internship-2026/,,yes,aggregator page had no apply candidate,
6a96a52f58027b14c4ceef16,freshershunt,29803,Accenture,2026-09-01T10:13:03.921Z,flagged,aggregator,,https://freshershunt.in/accenture-engineering-services-2026/,,yes,aggregator page had no apply candidate,
6a96a50658027b14c4ceef13,freshershunt,29799,Deloitte,2026-09-01T10:12:22.984Z,flagged,aggregator,,https://kickcharm.com/deloitte-recruitment-hiring-any-graduates-fresher/,,yes,1 candidate(s) on the page,https://linkedin.com/jobs/view/4460460565 [low/3]
6a96a52d58027b14c4ceef15,freshershunt,29802,Revvity,2026-09-01T10:13:01.754Z,flagged,aggregator,,https://freshershunt.in/revvity-ai-intern-2026/,,yes,aggregator page had no apply candidate,
6a96a52b58027b14c4ceef14,freshershunt,29801,Merck,2026-09-01T10:12:59.575Z,flagged,aggregator,,https://freshershunt.in/merck-software-engineer-2026/,,yes,aggregator page had no apply candidate,
6a96a50558027b14c4ceef12,freshershunt,29798,IBM,2026-09-01T10:12:21.350Z,flagged,aggregator,,https://freshershunt.in/ibm-application-developer-intern-2026/,,yes,aggregator page had no apply candidate,
6a96a50358027b14c4ceef11,freshershunt,29796,TCS,2026-09-01T10:12:19.662Z,flagged,aggregator,,https://freshershunt.in/accenture-freshers-hiring-2026/,,yes,aggregator page had no apply candidate,
6a96a4f358027b14c4ceef0e,job4fresherss,19627,Hexaware,2026-09-01T10:12:03.879Z,flagged,aggregator,,https://job4freshers.co.in/hexaware-walk-in-fresher/,,yes,aggregator page had no apply candidate,
6a96a4f158027b14c4ceef0d,job4fresherss,19626,AAI,2026-09-01T10:12:01.725Z,flagged,unresolvable,,,,yes,no URL,
6a96a4f958027b14c4ceef10,freshershunt,29794,Deloitte,2026-09-01T10:12:09.374Z,flagged,aggregator,,https://freshershunt.in/deloitte-automation-testing-2026/,,yes,aggregator page had no apply candidate,
6a96a4cd58027b14c4ceef0b,job4fresherss,19624,HCLTech,2026-09-01T10:11:25.064Z,flagged,suspicious,,https://www.linkedin.com/jobs/view/4460322503/,https://www.linkedin.com/jobs/view/4460322503/,yes,"linkedin.com is a third-party job board, not the employer's own application",
6a96a4cb58027b14c4ceef0a,job4fresherss,19623,State Bank of India (SBI),2026-09-01T10:11:23.089Z,flagged,suspicious,,https://ibpsreg.ibps.in/sbijasrdjl26/,https://ibpsreg.ibps.in/sbijasrdjl26/,yes,"no employer, ATS or application signal — needs review",
6a96a4c958027b14c4ceef09,job4fresherss,19622,IBM,2026-09-01T10:11:21.117Z,repaired,direct,,https://careers.ibm.com/en_US/careers/JobDetail?jobId=86123,https://careers.ibm.com/en_US/careers/JobDetail?jobId=86123,yes,careers.ibm.com matches the posting's company,
6a96a4ef58027b14c4ceef0c,job4fresherss,19625,Genpact,2026-09-01T10:11:59.473Z,flagged,aggregator,,https://job4freshers.co.in/genpact-walk-in-drive-ca-cma/,,yes,aggregator page had no apply candidate,
6a96a4bf58027b14c4ceef07,job4fresherss,19620,IQVIA,2026-09-01T10:11:11.568Z,repaired,direct,,https://jobs.iqvia.com/en/jobs/R1560216-0,https://jobs.iqvia.com/en/jobs/R1560216-0,yes,jobs.iqvia.com matches the posting's company,
6a96a4bd58027b14c4ceef06,job4fresherss,19619,Schneider Electric,2026-09-01T10:11:09.413Z,repaired,direct,,https://careers.se.com/jobs/130550?,https://careers.se.com/jobs/130550?,yes,careers.se.com is a careers host,
6a96a4ba58027b14c4ceef05,job4fresherss,19618,IREL,2026-09-01T10:11:06.436Z,flagged,unresolvable,,,,yes,no URL,
6a96a4b858027b14c4ceef04,job4fresherss,19617,United Airlines,2026-09-01T10:11:04.004Z,repaired,direct,,https://careers.united.com/us/en/job/UAIUADUSGGN00002661EXTERNALENUSTALEO/Associate-Engineer-Digital-Technology,https://careers.united.com/us/en/job/UAIUADUSGGN00002661EXTERNALENUSTALEO/Associate-Engineer-Digital-Technology,yes,careers.united.com matches the posting's company,
6a96a4b558027b14c4ceef03,job4fresherss,19616,Emerson,2026-09-01T10:11:01.765Z,repaired,direct,,https://hdjq.fa.us2.oraclecloud.com/hcmUI/CandidateExperience/en/sites/CX_1/job/26008147,https://hdjq.fa.us2.oraclecloud.com/hcmUI/CandidateExperience/en/sites/CX_1/job/26008147,yes,hdjq.fa.us2.oraclecloud.com is a trusted ATS domain,
6a96a4f658027b14c4ceef0f,freshershunt,29793,SALESFORCE,2026-09-01T10:12:06.482Z,flagged,aggregator,,https://freshershunt.in/wipro-walk-in-drive/,,yes,aggregator page had no apply candidate,
6a96a48f58027b14c4ceef01,job4fresherss,19613,Teleperformance,2026-09-01T10:10:23.149Z,flagged,unresolvable,,,,yes,no URL,
6a96a4c758027b14c4ceef08,job4fresherss,19621,Accenture,2026-09-01T10:11:19.140Z,flagged,aggregator,,https://job4freshers.co.in/accenture-walk-in-customer-support/,,yes,aggregator page had no apply candidate,
6a96a4b358027b14c4ceef02,job4fresherss,19615,Hexaware,2026-09-01T10:10:59.506Z,flagged,aggregator,,https://job4freshers.co.in/hexaware-walk-in-fresher/,,yes,aggregator page had no apply candidate,
6a96a48458027b14c4ceeefe,job4fresherss,19610,Sutherland,2026-09-01T10:10:12.596Z,repaired,direct,,https://jobs.smartrecruiters.com/oneclick-ui/company/Sutherland/publication/38de9004-5227-44d8-98d7-dab9893b2b38?dcr_ci=Sutherland&sid=74f7501b-4cd3-4167-9510-969bf450db9d,https://jobs.smartrecruiters.com/oneclick-ui/company/Sutherland/publication/38de9004-5227-44d8-98d7-dab9893b2b38?dcr_ci=Sutherland&sid=74f7501b-4cd3-4167-9510-969bf450db9d,yes,jobs.smartrecruiters.com is a trusted ATS domain,
6a96a48158027b14c4ceeefd,job4fresherss,19609,Cactus Communications,2026-09-01T10:10:09.378Z,repaired,direct,,https://jobs.cactusglobal.com/jobs/2273,https://jobs.cactusglobal.com/jobs/2273,yes,jobs.cactusglobal.com is a careers host,
6a96a48d58027b14c4ceef00,job4fresherss,19612,Conduent,2026-09-01T10:10:21.082Z,flagged,aggregator,,https://job4freshers.co.in/conduent-walk-in-customer-support-voice/,,yes,aggregator page had no apply candidate,
6a96a47b58027b14c4ceeefb,job4fresherss,19607,Citi Group,2026-09-01T10:10:03.813Z,repaired,direct,,https://jobs.citi.com/job/-/-/287/99795599216?,https://jobs.citi.com/job/-/-/287/99795599216?,yes,jobs.citi.com matches the posting's company,
6a96a47958027b14c4ceeefa,job4fresherss,19606,Mhtechin,2026-09-01T10:10:01.729Z,flagged,suspicious,,https://careers.mhtechin.com/index.php/jobs/data-analyst-off-campus-hiring-2025/,https://careers.mhtechin.com/index.php/jobs/data-analyst-off-campus-hiring-2025/,yes,path looks like an SEO article slug,
6a96a47758027b14c4ceeef9,job4fresherss,19605,India Post,2026-09-01T10:09:59.749Z,flagged,unresolvable,,,,yes,no URL,
6a96a45458027b14c4ceeef8,job4fresherss,19604,IQVIA,2026-09-01T10:09:24.838Z,repaired,direct,,https://jobs.iqvia.com/en/jobs/R1560859-0,https://jobs.iqvia.com/en/jobs/R1560859-0,yes,jobs.iqvia.com matches the posting's company,
6a96a45358027b14c4ceeef7,job4fresherss,19603,Medpace,2026-09-01T10:09:23.040Z,repaired,direct,,https://careers.medpace.com/jobs/11932,https://careers.medpace.com/jobs/11932,yes,careers.medpace.com matches the posting's company,
6a96a48b58027b14c4ceeeff,job4fresherss,19611,Indian Army,2026-09-01T10:10:19.059Z,flagged,aggregator,,https://job4freshers.co.in/indian-army-terrier-cyber-quest-tcq/,,yes,aggregator page had no apply candidate,
6a96a47e58027b14c4ceeefc,job4fresherss,19608,Prochant,2026-09-01T10:10:06.771Z,flagged,aggregator,,https://job4freshers.co.in/prochant-walk-in-drive/,,yes,aggregator page had no apply candidate,
6a96a45158027b14c4ceeef6,job4fresherss,19602,SpiceJet,2026-09-01T10:09:21.051Z,flagged,aggregator,,https://job4freshers.co.in/spicejet-walk-in-drive/,,yes,aggregator page had no apply candidate,
6a96a44558027b14c4ceeef3,job4fresherss,19597,Google,2026-09-01T10:09:09.383Z,repaired,direct,,https://www.google.com/about/careers/applications/jobs/results/99925955933283014-data-center-technician-intern/,https://google.com/about/careers/applications/jobs/results/99925955933283014-data-center-technician-intern,yes,google.com matches the posting's company,
6a96a44258027b14c4ceeef2,job4fresherss,19596,AAI,2026-09-01T10:09:06.782Z,flagged,unresolvable,,,,yes,no URL,
6a96a44e58027b14c4ceeef5,job4fresherss,19601,AGS Health,2026-09-01T10:09:18.932Z,flagged,aggregator,,https://job4freshers.co.in/ags-health-walk-in-drive/,,yes,aggregator page had no apply candidate,
6a96a43d58027b14c4ceeef0,job4fresherss,19594,Salesforce,2026-09-01T10:09:01.742Z,repaired,direct,,https://www.salesforce.com/company/careers/jobs/JR357143/associate-technical-consultant/,https://salesforce.com/company/careers/jobs/JR357143/associate-technical-consultant,yes,salesforce.com matches the posting's company,
6a96a43b58027b14c4ceeeef,job4fresherss,19593,Sutherland,2026-09-01T10:08:59.608Z,repaired,direct,,https://sutherland.webex.com/sutherland/j.php?MTID=md649d975f9426dff32888e61fe1a28f9,https://sutherland.webex.com/sutherland/j.php?MTID=md649d975f9426dff32888e61fe1a28f9,yes,sutherland.webex.com matches the posting's company,
6a96a41258027b14c4ceeeeb,job4fresherss,19589,Yash Technologies,2026-09-01T10:08:18.807Z,repaired,direct,,https://careers.yash.com/job/Hyderabad-Executive-Inside-Sales-Job-TG/1362620866/,https://careers.yash.com/job/Hyderabad-Executive-Inside-Sales-Job-TG/1362620866,yes,careers.yash.com matches the posting's company,
6a96a3db58027b14c4ceeee3,job4fresherss,19581,UPSC EPFO,2026-09-01T10:07:23.173Z,flagged,unresolvable,,,,yes,no URL,
6a96a3c858027b14c4ceeedd,job4fresherss,19575,SBI,2026-09-01T10:07:04.041Z,flagged,unresolvable,,,,yes,no URL,
6a96a38b58027b14c4ceeed3,job4fresherss,19565,SAIL,2026-09-01T10:06:03.853Z,flagged,unresolvable,,,,yes,no URL,
6a96a44758027b14c4ceeef4,job4fresherss,19598,24/7.ai,2026-09-01T10:09:11.539Z,flagged,aggregator,,https://job4freshers.co.in/24-7-ai-walk-in-voice-process-role/,,yes,aggregator page had no apply candidate,
6a96a0b958027b14c4ceee65,fresher_offcampus_drives,5853,Deloitte,2026-09-01T09:54:01.578Z,repaired,direct,7,https://offcampusjobdrives.com/deloitte-hiring-for-services-associate-data-preparation-and-reporting/,https://usijobs.deloitte.com/en_US/careersUSI/JobDetail/USI-EH27-GPS-GPS-Procurement-L25-Services-Associate-Data-Prep-Reporting-PSBI-Hyderabad/363451,yes,host matches the company; path names a posting or form (high),
6a969fa358027b14c4ceee47,jobs_SQL,4927,JPMorgan,2026-09-01T09:49:23.325Z,repaired,direct,,https://jpmc.fa.oraclecloud.com/hcmUI/CandidateExperience/en/sites/CX_1001/jobs/preview/210748551/?keyword=Data+Management+Associate&mode=location,https://jpmc.fa.oraclecloud.com/hcmUI/CandidateExperience/en/sites/CX_1001/jobs/preview/210748551/?keyword=Data+Management+Associate&mode=location,yes,jpmc.fa.oraclecloud.com is a trusted ATS domain,
6a969eef58027b14c4ceee2f,careerwithasr,2937,AAI,2026-09-01T09:46:23.148Z,flagged,unresolvable,,,,yes,no URL,
6a969ed758027b14c4ceee27,careerwithasr,2927,CSIR,2026-09-01T09:45:59.803Z,flagged,unresolvable,,,,yes,no URL,
6a96a23858027b14c4ceeea1,placementdriveofficial,12846,Neeyamo,2026-09-01T10:00:24.857Z,flagged,aggregator,,https://careerten.com/neeyamo-walk-in-drive-2026-product-specialist-31-august-03-september-2026,,yes,"best candidate is suspicious (naukri.com is a third-party job board, not the employer's own application)",https://naukri.com/job-listings-walk-in-payroll-hiring-product-specialist-neeyamo-enterprise-solutions-nagpur-0-to-2-years-280826009479?sid=17879746722001332&xp=6&px=1 [high/5]
6a96860958027b14c4ceee14,careerwithasr,2906,AAI,2026-09-01T08:00:09.090Z,flagged,unresolvable,,,,yes,no URL,
6a96a43f58027b14c4ceeef1,job4fresherss,19595,WNS,2026-09-01T10:09:03.897Z,flagged,aggregator,,https://job4freshers.co.in/wns-walk-in-drive-apprentice/,,yes,aggregator page had no apply candidate,
6a959b6b321ef6546a22950c,job4fresherss,19592,Zebra,2026-08-31T15:19:07.608Z,repaired,direct,,https://zebra.wd501.myworkdayjobs.com/en-US/Zebra_careers/job/Data-EngineerI_JR102916?,https://zebra.wd501.myworkdayjobs.com/en-US/Zebra_careers/job/Data-EngineerI_JR102916?,yes,zebra.wd501.myworkdayjobs.com is a trusted ATS and the host matches the company,
6a959b39321ef6546a22950b,job4fresherss,19591,GlobalLogic,2026-08-31T15:18:17.006Z,repaired,direct,,https://www.globallogic.com/careers/associate-analyst-freshers-non-technical-non-voice-irc303178/?utm_source=LinkedIn&utm_medium=jobboard&utm_campaign=career,https://globallogic.com/careers/associate-analyst-freshers-non-technical-non-voice-irc303178,yes,globallogic.com matches the posting's company,
6a9677f558027b14c4ceedde,freshershunt,29791,WIPRO,2026-09-01T07:00:05.754Z,repaired,direct,5,https://freshershunt.in/wipro-walk-in-drive/,https://careers.wipro.com/,yes,"host matches the company; labelled ""official Wipro careers site"" (high)",
6a959b35321ef6546a229509,job4fresherss,19588,Amazon,2026-08-31T15:18:13.821Z,flagged,unresolvable,,,,yes,no URL,
6a969e4658027b14c4ceee23,careerwithasr,2922,HCLTech,2026-09-01T09:43:34.637Z,flagged,aggregator,,https://job4freshers.co.in/hcltech-mega-walk-in-freshers-voice/,,yes,aggregator page had no apply candidate,
6a959b33321ef6546a229507,job4fresherss,19586,Microsoft,2026-08-31T15:18:11.759Z,repaired,direct,,https://apply.careers.microsoft.com/careers/job/1970393556978214,https://apply.careers.microsoft.com/careers/job/1970393556978214,yes,apply.careers.microsoft.com matches the posting's company,
6a959b37321ef6546a22950a,job4fresherss,19590,AGS Health,2026-08-31T15:18:15.978Z,flagged,aggregator,,https://job4freshers.co.in/ags-health-walk-in-drive/,,yes,aggregator page had no apply candidate,
6a959b31321ef6546a229505,job4fresherss,19584,MantraCare,2026-08-31T15:18:09.697Z,repaired,direct,,https://mantra.care/careers/full-stack-developer-intern-delhi/,https://mantra.care/careers/full-stack-developer-intern-delhi,yes,path names a posting or an application form,
6a959b34321ef6546a229508,job4fresherss,19587,Amazon,2026-08-31T15:18:12.882Z,flagged,aggregator,,https://job4freshers.co.in/amazon-walk-in-customer-service-associate/,,yes,aggregator page had no apply candidate,
6a959b2f321ef6546a229503,job4fresherss,19582,JPMorgan Chase,2026-08-31T15:18:07.322Z,repaired,direct,,https://jpmc.fa.oraclecloud.com/hcmUI/CandidateExperience/en/sites/CX_1001/job/210703259/,https://jpmc.fa.oraclecloud.com/hcmUI/CandidateExperience/en/sites/CX_1001/job/210703259,yes,jpmc.fa.oraclecloud.com is a trusted ATS domain,
6a959b2d321ef6546a229502,job4fresherss,19580,ZS,2026-08-31T15:18:05.364Z,repaired,direct,,https://jobs.zs.com/jobs/62377,https://jobs.zs.com/jobs/62377,yes,jobs.zs.com is a careers host,
6a959b2c321ef6546a229501,job4fresherss,19579,Yash Technologies,2026-08-31T15:18:04.336Z,repaired,direct,,https://careers.yash.com/job/Hyderabad-Executive-Inside-Sales-Job-TG/1362620866/,https://careers.yash.com/job/Hyderabad-Executive-Inside-Sales-Job-TG/1362620866,yes,careers.yash.com matches the posting's company,
6a959b2b321ef6546a229500,job4fresherss,19578,ApplyRyt,2026-08-31T15:18:03.307Z,repaired,direct,,https://applyryt.com/careers/JP63C6DDBB6EDA,https://applyryt.com/careers/JP63C6DDBB6EDA,yes,applyryt.com matches the posting's company,
6a959b32321ef6546a229506,job4fresherss,19585,Cognizant,2026-08-31T15:18:10.735Z,flagged,aggregator,,https://job4freshers.co.in/cognizant-walk-in-freshers-opportunity/,,yes,aggregator page had no apply candidate,
6a959b30321ef6546a229504,job4fresherss,19583,HCLTech,2026-08-31T15:18:08.671Z,flagged,aggregator,,https://job4freshers.co.in/hcltech-mega-walk-in-freshers-voice/,,yes,aggregator page had no apply candidate,
6a959afb321ef6546a2294fd,job4fresherss,19574,Amazon,2026-08-31T15:17:15.975Z,repaired,direct,,https://www.amazon.jobs/en/jobs/10511697/packaging-associate-in-packaging,https://amazon.jobs/en/jobs/10511697/packaging-associate-in-packaging,yes,amazon.jobs matches the posting's company,
6a959b2a321ef6546a2294ff,job4fresherss,19577,Muthoot Finance,2026-08-31T15:18:02.071Z,flagged,aggregator,,https://job4freshers.co.in/jr-executive-muthoot-finance-walk-in/,,yes,aggregator page had no apply candidate,
6a959af9321ef6546a2294fb,job4fresherss,19572,Cisco,2026-08-31T15:17:13.817Z,repaired,direct,,https://careers.cisco.com/global/en/job/2021284/Software-Engineer-Network-Embedded-Application-Development-Summer-Internship-India-EG-Requisition,https://careers.cisco.com/global/en/job/2021284/Software-Engineer-Network-Embedded-Application-Development-Summer-Internship-India-EG-Requisition,yes,careers.cisco.com matches the posting's company,
6a959af8321ef6546a2294fa,job4fresherss,19571,State Street,2026-08-31T15:17:12.587Z,repaired,direct,,https://careers.statestreet.com/global/en/job/R-796419/Apprentice,https://careers.statestreet.com/global/en/job/R-796419/Apprentice,yes,careers.statestreet.com is a careers host,
6a959af7321ef6546a2294f9,job4fresherss,19570,Deloitte,2026-08-31T15:17:11.354Z,repaired,direct,,https://usijobs.deloitte.com/en_US/careersUSI/JobDetail/USI-EH27-Analyst-KS-Audit-Center-of-Excellence-COE-Associate-Content-Management-Hyderabad-Bengaluru/359102,https://usijobs.deloitte.com/en_US/careersUSI/JobDetail/USI-EH27-Analyst-KS-Audit-Center-of-Excellence-COE-Associate-Content-Management-Hyderabad-Bengaluru/359102,yes,usijobs.deloitte.com matches the posting's company,
6a959b29321ef6546a2294fe,job4fresherss,19576,Firstsource,2026-08-31T15:18:01.146Z,flagged,aggregator,,https://job4freshers.co.in/firstsource-walk-in-international-voice/,,yes,aggregator page had no apply candidate,
6a959af5321ef6546a2294f7,job4fresherss,19568,GlobalFoundries,2026-08-31T15:17:09.387Z,repaired,direct,,https://careers.gf.com/careers/job/563980770309872?,https://careers.gf.com/careers/job/563980770309872?,yes,careers.gf.com is a careers host,
6a959afa321ef6546a2294fc,job4fresherss,19573,Omega Healthcare,2026-08-31T15:17:14.738Z,flagged,aggregator,,https://job4freshers.co.in/omega-healthcare-walk-in-management/,,yes,aggregator page had no apply candidate,
6a959af3321ef6546a2294f5,job4fresherss,19566,Harmonic,2026-08-31T15:17:07.427Z,repaired,direct,,https://egmn.fa.us2.oraclecloud.com/hcmUI/CandidateExperience/en/sites/Harmonic/job/260140?,https://egmn.fa.us2.oraclecloud.com/hcmUI/CandidateExperience/en/sites/Harmonic/job/260140?,yes,egmn.fa.us2.oraclecloud.com is a trusted ATS domain,
6a959af6321ef6546a2294f8,job4fresherss,19569,Hexaware,2026-08-31T15:17:10.417Z,flagged,aggregator,,https://job4freshers.co.in/hexaware-walk-in-fresher/,,yes,aggregator page had no apply candidate,
6a959af0321ef6546a2294f3,job4fresherss,19563,Telus Digital,2026-08-31T15:17:04.454Z,repaired,direct,,https://jobs.telusdigital.com/jobs/18136963-media-search-analyst-english-india,https://jobs.telusdigital.com/jobs/18136963-media-search-analyst-english-india,yes,jobs.telusdigital.com is a careers host,
6a959aef321ef6546a2294f2,job4fresherss,19562,TCS,2026-08-31T15:17:03.420Z,flagged,suspicious,,https://nextstep.tcsapps.com/indiacampus/#/,https://nextstep.tcsapps.com/indiacampus/#/,yes,"no employer, ATS or application signal — needs review",
6a959aee321ef6546a2294f1,job4fresherss,19561,Sasken,2026-08-31T15:17:02.398Z,repaired,direct,,https://www.hirewand.com/apply/job/detail?jid=20221077&sid=603c97cc12823e2c17d5185a&cpid=2022&uid=147403&src=jobpost,https://hirewand.com/apply/job/detail?jid=20221077&sid=603c97cc12823e2c17d5185a&cpid=2022&uid=147403,yes,path names a posting or an application form,
6a959aed321ef6546a2294f0,job4fresherss,19560,Eurofins Analytical Services,2026-08-31T15:17:01.472Z,repaired,direct,,https://jobs.smartrecruiters.com/Eurofins/744000137828840-executive-qa,https://jobs.smartrecruiters.com/Eurofins/744000137828840-executive-qa,yes,jobs.smartrecruiters.com is a trusted ATS domain,
6a959af4321ef6546a2294f6,job4fresherss,19567,Muthoot Finance,2026-08-31T15:17:08.464Z,flagged,aggregator,,https://job4freshers.co.in/jr-executive-muthoot-finance-walk-in/,,yes,aggregator page had no apply candidate,
6a959ac1321ef6546a2294ee,job4fresherss,19558,Bank of Baroda,2026-08-31T15:16:17.212Z,repaired,direct,,https://bankofbaroda.bank.in/career/current-opportunities,https://bankofbaroda.bank.in/career/current-opportunities,yes,bankofbaroda.bank.in matches the posting's company,
6a959ac0321ef6546a2294ed,job4fresherss,19557,Harmonic,2026-08-31T15:16:16.183Z,repaired,direct,,https://egmn.fa.us2.oraclecloud.com/hcmUI/CandidateExperience/en/sites/Harmonic/job/260140?,https://egmn.fa.us2.oraclecloud.com/hcmUI/CandidateExperience/en/sites/Harmonic/job/260140?,yes,egmn.fa.us2.oraclecloud.com is a trusted ATS domain,
6a959abf321ef6546a2294ec,job4fresherss,19556,National Thermal Power Corporation (NTPC),2026-08-31T15:16:15.152Z,flagged,suspicious,,https://careers.ntpc.co.in/recruitment/login.php,https://careers.ntpc.co.in/recruitment/login.php,yes,path looks like an SEO article slug,
6a959af1321ef6546a2294f4,job4fresherss,19564,Amazon,2026-08-31T15:17:05.480Z,flagged,aggregator,,https://job4freshers.co.in/amazon-walk-in-customer-service-associate/,,yes,aggregator page had no apply candidate,
6a959ac2321ef6546a2294ef,job4fresherss,19559,NOVAC,2026-08-31T15:16:18.134Z,flagged,aggregator,,https://job4freshers.co.in/novac-walk-in-management-trainee/,,yes,aggregator page had no apply candidate,
6a959abe321ef6546a2294eb,job4fresherss,19555,NTT Data,2026-08-31T15:16:14.130Z,flagged,aggregator,,https://job4freshers.co.in/ntt-data-walk-in-sales/,,yes,aggregator page had no apply candidate,
6a959aba321ef6546a2294e8,job4fresherss,19552,American Express,2026-08-31T15:16:10.945Z,repaired,direct,,https://egug.fa.us2.oraclecloud.com/hcmUI/CandidateExperience/en/sites/CX_1/job/26012800,https://egug.fa.us2.oraclecloud.com/hcmUI/CandidateExperience/en/sites/CX_1/job/26012800,yes,egug.fa.us2.oraclecloud.com is a trusted ATS domain,
6a959abd321ef6546a2294ea,job4fresherss,19554,Infosys,2026-08-31T15:16:13.094Z,flagged,aggregator,,https://job4freshers.co.in/infosys-walk-in-service-desk-engineer/,,yes,aggregator page had no apply candidate,
6a959ab8321ef6546a2294e6,job4fresherss,19550,S&P Global,2026-08-31T15:16:08.579Z,repaired,direct,,https://careers.spglobal.com/jobs/331333,https://careers.spglobal.com/jobs/331333,yes,careers.spglobal.com is a careers host,
6a959abc321ef6546a2294e9,job4fresherss,19553,Wipro,2026-08-31T15:16:12.069Z,flagged,aggregator,,https://job4freshers.co.in/wipro-walk-in-drive-support/,,yes,aggregator page had no apply candidate,
6a959ab6321ef6546a2294e4,job4fresherss,19548,Tower,2026-08-31T15:16:06.520Z,repaired,direct,,https://job-boards.greenhouse.io/embed/job_app?for=towerresearchcapital&gh_src=be8ebc4b1&token=8143756,https://job-boards.greenhouse.io/embed/job_app?for=towerresearchcapital&gh_src=be8ebc4b1&token=8143756,yes,job-boards.greenhouse.io is a trusted ATS domain,
6a959ab5321ef6546a2294e3,job4fresherss,19547,State Bank of India (SBI),2026-08-31T15:16:05.491Z,flagged,suspicious,,https://ibpsreg.ibps.in/sbijasrdjl26/,https://ibpsreg.ibps.in/sbijasrdjl26/,yes,"no employer, ATS or application signal — needs review",
6a959ab4321ef6546a2294e2,job4fresherss,19546,Google,2026-08-31T15:16:04.457Z,repaired,direct,,https://www.google.com/about/careers/applications/jobs/results/106805042379399878-enforcement-detection-analyst-trust-and-safety-youtube,https://google.com/about/careers/applications/jobs/results/106805042379399878-enforcement-detection-analyst-trust-and-safety-youtube,yes,google.com matches the posting's company,
6a959ab3321ef6546a2294e1,job4fresherss,19545,Micron Technology,2026-08-31T15:16:03.331Z,repaired,direct,,https://careers.micron.com/careers/job/43617841,https://careers.micron.com/careers/job/43617841,yes,careers.micron.com matches the posting's company,
6a959ab9321ef6546a2294e7,job4fresherss,19551,Conduent,2026-08-31T15:16:09.599Z,flagged,aggregator,,https://job4freshers.co.in/conduent-walk-in-customer-support-voice/,,yes,aggregator page had no apply candidate,
6a959a86321ef6546a2294df,job4fresherss,19543,Johnson Controls,2026-08-31T15:15:18.700Z,repaired,direct,,https://jobs.johnsoncontrols.com/job/WD30277730?source=Job_Board_LinkedIn_Organic?,https://jobs.johnsoncontrols.com/job/WD30277730,yes,jobs.johnsoncontrols.com is a careers host,
6a959ab7321ef6546a2294e5,job4fresherss,19549,Amazon,2026-08-31T15:16:07.545Z,flagged,aggregator,,https://job4freshers.co.in/amazon-walk-in-customer-service-associate/,,yes,aggregator page had no apply candidate,
6a959a81321ef6546a2294dd,goyalarsh,6333,American Express,2026-08-31T15:15:13.967Z,repaired,direct,,https://egug.fa.us2.oraclecloud.com/hcmUI/CandidateExperience/en/sites/CX_1/job/26012567,https://egug.fa.us2.oraclecloud.com/hcmUI/CandidateExperience/en/sites/CX_1/job/26012567,yes,egug.fa.us2.oraclecloud.com is a trusted ATS domain,
6a959a80321ef6546a2294dc,goyalarsh,6332,Applied Materials,2026-08-31T15:15:12.743Z,flagged,suspicious,,https://www.linkedin.com/posts/arshgoyal_appliedmaterialsindia-ai-semiconductors-activity-7498984373602377728-ze7-,https://www.linkedin.com/posts/arshgoyal_appliedmaterialsindia-ai-semiconductors-activity-7498984373602377728-ze7-,yes,"linkedin.com is a third-party job board, not the employer's own application",
6a959ab2321ef6546a2294e0,job4fresherss,19544,NTT Data,2026-08-31T15:16:02.292Z,flagged,aggregator,,https://job4freshers.co.in/ntt-data-walk-in-sales/,,yes,aggregator page had no apply candidate,
6a959a7e321ef6546a2294db,fresheroffcampus,17915,Magna,2026-08-31T15:15:10.075Z,flagged,aggregator,,https://www.fresheroffcampus.com/magna-off-campus/,,yes,4 candidate(s) on the page,https://wd3.myworkdaysite.com/recruiting/magna/Magna/job/Bangalore-IN/Intern--Smart-Factory-Solutions_R00244571 [low/3] | https://wd3.myworkdaysite.com/recruiting/magna/Magna/job/Bangalore-IN/IT-Trainee--Industrial-Solutions_R00240740 [low/3] | https://wd3.myworkdaysite.com/recruiting/magna/Magna/job/Pune-IN/Graduate-Engineer-Trainee_R00245219 [low/3] | https://wd3.myworkdaysite.com/recruiting/magna/Magna/job/Pune-IN/Graduate-Engineer-Trainee_R00257798 [low/3]
6a959a7c321ef6546a2294da,fresheroffcampus,17914,S&P Global,2026-08-31T15:15:08.941Z,flagged,aggregator,,https://www.fresheroffcampus.com/sp-global-off-campus-2/,,yes,1 candidate(s) on the page,https://careers.spglobal.com/jobs/330667 [low/3]
6a959a85321ef6546a2294de,job4fresherss,19542,Conduent,2026-08-31T15:15:17.666Z,flagged,aggregator,,https://job4freshers.co.in/conduent-walk-in-support-associate/,,yes,aggregator page had no apply candidate,
6a959a7c321ef6546a2294d9,fresheroffcampus,17913,athenahealth,2026-08-31T15:15:08.017Z,repaired,direct,7,https://www.fresheroffcampus.com/athenahealth-off-campus/,https://careers.athenahealth.com/us/en/job/ATHAHHUSR15418EXTERNALENUS/Associate-Member-of-Technical-Staff-AMTS,yes,host matches the company; path names a posting or form (high),
6a959a7a321ef6546a2294d8,fresheroffcampus,17912,Societe Generale,2026-08-31T15:15:06.874Z,flagged,aggregator,,https://www.fresheroffcampus.com/societe-generale-hiring-fresher/,,yes,1 candidate(s) on the page,https://careers.societegenerale.com/en/job-offers/trainee-operations-sg-securities-india-mumbai-26000GPN-en [low/3]
6a959a79321ef6546a2294d7,fresheroffcampus,17911,DHL,2026-08-31T15:15:05.748Z,repaired,direct,7,https://www.fresheroffcampus.com/dhl-off-campus/,https://careers.dhl.com/global/en/job/DPDHGLOBALAV372926ENGLOBALEXTERNAL/Associate,yes,host matches the company; path names a posting or form (high),
6a959a78321ef6546a2294d6,fresheroffcampus,17910,Infosys,2026-08-31T15:15:04.813Z,repaired,direct,7,https://www.fresheroffcampus.com/infosys-off-campus-drive-hiring-fresher/,https://career.infosys.com/jobdesc?jobReferenceCode=INFSYS-EXTERNAL-246126&sourceId=1,yes,host matches the company; path names a posting or form (high),
6a959a77321ef6546a2294d5,fresheroffcampus,17909,LG Ad Solutions,2026-08-31T15:15:03.888Z,repaired,direct,5,https://www.fresheroffcampus.com/lg-soft-off-campus-hiring-fresher/,https://jobs.ashbyhq.com/lgads/02b11bae-83d2-47f5-9ff2-6114f13ee360,yes,trusted ATS domain (high),
6a959a4a321ef6546a2294d2,fresheroffcampus,17905,AM:PM Network,2026-08-31T15:14:18.059Z,repaired,direct,,https://forms.gle/MpHday5cegiDtHYL6,https://forms.gle/MpHday5cegiDtHYL6,yes,official application form,
6a959a76321ef6546a2294d4,fresheroffcampus,17908,Google,2026-08-31T15:15:02.863Z,repaired,direct,7,https://www.fresheroffcampus.com/google-off-campus-hiring-fresher-2/,https://google.com/about/careers/applications/jobs/results/99925955933283014-data-center-technician-intern,yes,host matches the company; path names a posting or form (high),
6a959a75321ef6546a2294d3,fresheroffcampus,17907,Alcon,2026-08-31T15:15:01.734Z,repaired,direct,12,https://www.fresheroffcampus.com/alcon-off-campus-hiring-fresher/,https://alcon.wd5.myworkdayjobs.com/careers_alcon/job/Bangalore-India/Apprentice_R-2026-48654,yes,trusted ATS domain; host matches the company; path names a posting or form (highest),
6a959a48321ef6546a2294d1,fresheroffcampus,17903,Johnson Controls,2026-08-31T15:14:16.910Z,flagged,aggregator,,https://www.fresheroffcampus.com/johnson-controls-off-campus/,,yes,1 candidate(s) on the page,https://jobs.johnsoncontrols.com/job/WD30277459 [low/3]
6a959a47321ef6546a2294d0,fresheroffcampus,17902,Myntra,2026-08-31T15:14:15.874Z,repaired,direct,7,https://www.fresheroffcampus.com/myntra-hiring-fresher/,https://jobs.myntra.com/jobs/1845624696,yes,host matches the company; path names a posting or form (high),
6a959a46321ef6546a2294cf,fresheroffcampus,17901,Salesforce,2026-08-31T15:14:14.436Z,repaired,direct,12,https://www.fresheroffcampus.com/salesforce-off-campus-intern/,https://salesforce.wd12.myworkdayjobs.com/External_Career_Site/job/India---Hyderabad/Associate-Technical-Consultant_JR357143-1,yes,trusted ATS domain; host matches the company; path names a posting or form (highest),
6a959a45321ef6546a2294ce,fresheroffcampus,17900,KPMG,2026-08-31T15:14:13.410Z,repaired,direct,8,https://www.fresheroffcampus.com/kpmg-off-campus/,https://ejgk.fa.em2.oraclecloud.com/hcmUI/CandidateExperience/en/sites/CX_3/job/30046319?keyword=30046319&mode=location,yes,trusted ATS domain; path names a posting or form (high),
6a959a44321ef6546a2294cd,fresheroffcampus,17899,Microsoft,2026-08-31T15:14:12.389Z,flagged,aggregator,,https://www.fresheroffcampus.com/microsoft-hiring-fresher-2/,,yes,3 candidate(s) on the page,https://apply.careers.microsoft.com/careers/job/1970393556641091 [high/7] | https://apply.careers.microsoft.com/careers/job/1970393556917520 [high/7] | https://apply.careers.microsoft.com/careers/job/1970393556955253 [high/7]
6a959a43321ef6546a2294cc,fresheroffcampus,17898,Micron,2026-08-31T15:14:11.352Z,repaired,direct,7,https://www.fresheroffcampus.com/micron-off-campus/,https://careers.micron.com/careers/job/43751444,yes,host matches the company; path names a posting or form (high),
6a959a42321ef6546a2294cb,fresheroffcampus,17897,Deloitte,2026-08-31T15:14:10.423Z,flagged,aggregator,,https://www.fresheroffcampus.com/deloitte-off-campus-hiring-fresher-2/,,yes,3 candidate(s) on the page,https://usijobs.deloitte.com/en_US/careersUSI/JobDetail/USI-EH-FY27-Enabling-Areas-GFS-PTP-Associate-Analyst-Services-Support-Associate-I/351727 [high/7] | https://usijobs.deloitte.com/en_US/careersUSI/JobDetail/USI-EH27-F-A-A-C-L10-Services-Support-Associate-I-US-Payroll-DS-Hyderabad/352869 [high/7] | https://usijobs.deloitte.com/en_US/careersUSI/JobDetail/USI-EH27-MFUK-HRS-Learning-Admin-Services-Support-Associate-I-Talent-Processes-and-Business-Support/357426 [high/7]
6a959a41321ef6546a2294ca,fresheroffcampus,17896,Wipro,2026-08-31T15:14:09.300Z,flagged,aggregator,,https://www.fresheroffcampus.com/wipro-off-campus-hiring-fresher-3/,,yes,2 candidate(s) on the page,https://careers.wipro.com/job/Gurugram-Graduate-Engineer-Trainee-IND-122016/196216-en_US [high/7] | https://careers.wipro.com/job/Noida-Graduate-Engineer-Trainee-IND-201308/190711-en_US [high/7]
6a959a40321ef6546a2294c9,fresheroffcampus,17895,TCS,2026-08-31T15:14:08.268Z,flagged,aggregator,,https://www.fresheroffcampus.com/tcs-smart-off-campus/,,yes,best candidate is suspicious (path looks like an SEO article slug),https://tcs.com/careers/india/tcs-bps-fresher-hiring [high/7]
6a959a3f321ef6546a2294c8,fresheroffcampus,17894,HackerRank,2026-08-31T15:14:07.136Z,flagged,aggregator,,https://www.fresheroffcampus.com/hackerrank-off-campus/,,yes,2 candidate(s) on the page,https://job-boards.greenhouse.io/hackerrank/jobs/7830418 [high/8] | https://hackerrank.com/careers/job?id=7830418 [high/7]
6a959a3e321ef6546a2294c7,fresheroffcampus,17893,Citi,2026-08-31T15:14:06.107Z,repaired,direct,7,https://www.fresheroffcampus.com/citi-off-campus-hiring-fresher-4/,https://jobs.citi.com/job/-/-/287/99664827168,yes,host matches the company; path names a posting or form (high),
6a959a3c321ef6546a2294c6,fresheroffcampus,17891,Kimberly-Clark,2026-08-31T15:14:04.879Z,repaired,direct,8,https://www.fresheroffcampus.com/kimberly-clark-off-campus/,https://kimberlyclark.wd1.myworkdayjobs.com/GLOBAL/job/Sricity-Mill/Graduate-Apprentice-Trainee_886193-1,yes,trusted ATS domain; path names a posting or form (high),
6a959a3b321ef6546a2294c5,fresheroffcampus,17890,Uber,2026-08-31T15:14:03.751Z,repaired,direct,7,https://www.fresheroffcampus.com/uber-hiring-fresher/,https://jobs.uber.com/en/jobs/301837,yes,host matches the company; path names a posting or form (high),
6a959a3a321ef6546a2294c4,fresheroffcampus,17889,Magna,2026-08-31T15:14:02.725Z,flagged,aggregator,,https://www.fresheroffcampus.com/magna-off-campus/,,yes,4 candidate(s) on the page,https://wd3.myworkdaysite.com/recruiting/magna/Magna/job/Bangalore-IN/Intern--Smart-Factory-Solutions_R00244571 [low/3] | https://wd3.myworkdaysite.com/recruiting/magna/Magna/job/Bangalore-IN/IT-Trainee--Industrial-Solutions_R00240740 [low/3] | https://wd3.myworkdaysite.com/recruiting/magna/Magna/job/Pune-IN/Graduate-Engineer-Trainee_R00245219 [low/3] | https://wd3.myworkdaysite.com/recruiting/magna/Magna/job/Pune-IN/Graduate-Engineer-Trainee_R00257798 [low/3]
6a959a0c321ef6546a2294c1,placementdriveofficial,12845,GE Healthcare,2026-08-31T15:13:16.760Z,repaired,direct,5,https://careerten.com/ge-healthcare-off-campus-drive-2026-graduate-engineer-trainee-4,https://careers.gehealthcare.com/global/en/job/GEVGHLGLOBALR4045264EXTERNALENGLOBAL/Graduate-Engineer-Trainee,yes,"path names a posting or form; labelled ""Click Here To Apply"" (high)",
6a959a0b321ef6546a2294c0,placementdriveofficial,12844,IBM,2026-08-31T15:13:15.728Z,repaired,direct,9,https://careerten.com/ibm-off-campus-drive-2026-for-associate-data-scientist,https://careers.ibm.com/en_US/careers/JobDetail?jobId=86123,yes,"host matches the company; path names a posting or form; labelled ""Click Here To Apply"" (highest)",
6a959a39321ef6546a2294c3,fresheroffcampus,17888,IBM,2026-08-31T15:14:01.588Z,repaired,direct,7,https://www.fresheroffcampus.com/ibm-off-campus/,https://careers.ibm.com/en_US/careers/JobDetail?jobId=114791,yes,host matches the company; path names a posting or form (high),https://careers.ibm.com/en_US/careers/JobDetail?jobId=114791 [high/7] | https://ibm.com/in-en [medium/4]
6a959a0e321ef6546a2294c2,fresheroffcampus,17887,Salesforce,2026-08-31T15:13:18.196Z,repaired,direct,12,https://www.fresheroffcampus.com/salesforce-off-campus-intern/,https://salesforce.wd12.myworkdayjobs.com/External_Career_Site/job/India---Hyderabad/Associate-Technical-Consultant_JR357143-1,yes,trusted ATS domain; host matches the company; path names a posting or form (highest),
6a959a08321ef6546a2294be,placementdriveofficial,12841,NetApp,2026-08-31T15:13:12.437Z,repaired,direct,9,https://placementdrive.in/job/netapp-recruitment-sdet,https://careers.netapp.com/job/-/-/27600/99543185792?p_sid=eNJaJTb&p_uid=TorbOihO3t&ss=paid,yes,"host matches the company; path names a posting or form; labelled ""Click Here To Apply"" (highest)",
6a959a0a321ef6546a2294bf,placementdriveofficial,12843,Emerson,2026-08-31T15:13:14.494Z,repaired,direct,10,https://jobs4fresher.com/emerson-recruitment-2026-pune/,https://hdjq.fa.us2.oraclecloud.com/hcmUI/CandidateExperience/en/sites/CX_1/job/26008147?keyword=engineer&location=India&locationId=300000000228786&locationLevel=country&mode=location,yes,"trusted ATS domain; path names a posting or form; labelled ""Click Here To Apply"" (highest)",
6a959a07321ef6546a2294bd,placementdriveofficial,12840,Salesforce,2026-08-31T15:13:11.408Z,flagged,aggregator,,https://placementdrive.in/job/salesforce-software-engg-jobs-2026,,yes,aggregator page had no apply candidate,
6a959a06321ef6546a2294bc,placementdriveofficial,12839,Chevron,2026-08-31T15:13:10.382Z,repaired,direct,9,https://placementdrive.in/job/chevron-recruitment-program-2026,https://careers.chevron.com/job/-/-/35016/95368255632,yes,"host matches the company; path names a posting or form; labelled ""Click Here To Apply"" (highest)",
6a959a05321ef6546a2294bb,placementdriveofficial,12838,Accenture,2026-08-31T15:13:09.345Z,repaired,direct,9,https://placementdrive.in/job/accenture-recruitment-finance-2026,https://accenture.com/in-en/careers/jobdetails?id=AIOC-S01644055_en&title=Financial+Plan+%26+Analysis+Analyst,yes,"host matches the company; path names a posting or form; labelled ""Click Here To Apply"" (highest)",
6a959a04321ef6546a2294ba,placementdriveofficial,12837,,2026-08-31T15:13:08.211Z,repaired,direct,5,https://placementdrive.in/job/data-engineering-jobs,https://jobs.thermofisher.com/global/en/job/R-01359630/Customer-Data-Engineer?,yes,"path names a posting or form; labelled ""Click Here To Apply"" (high)",
6a959a02321ef6546a2294b8,placementdriveofficial,12835,Mavenir,2026-08-31T15:13:06.157Z,repaired,direct,14,https://jobs4fresher.com/mavenir-recruitment-2026-bangalore-gurgaon/,https://mavenir.wd1.myworkdayjobs.com/Mavenir_Careers/job/Bangalore-India/Graduate-Engineer--Operations_R0016469,yes,"trusted ATS domain; host matches the company; path names a posting or form; labelled ""Click Here To Apply"" (highest)",
6a959a03321ef6546a2294b9,placementdriveofficial,12836,PwC,2026-08-31T15:13:07.185Z,repaired,direct,9,https://placementdrive.in/job/pwc-data-science-job-openings-2026,https://jobs-ta.pwc.com/global/en/job/PACPACGLOBAL744974WDEXTERNALENGLOBAL/Associate-Deals-Data-Science-Bangalore,yes,"host matches the company; path names a posting or form; labelled ""Click Here To Apply"" (highest)",
6a9599ff321ef6546a2294b6,placementdriveofficial,12833,Amazon,2026-08-31T15:13:03.888Z,repaired,direct,9,https://placementdrive.in/job/amazon-software-development-jobs-fixed-term,https://amazon.jobs/en/jobs/10516483/sde-1-fixed-term-contract,yes,"host matches the company; path names a posting or form; labelled ""Click Here To Apply"" (highest)",
6a959a00321ef6546a2294b7,placementdriveofficial,12834,KPMG,2026-08-31T15:13:04.817Z,repaired,direct,10,https://jobs4fresher.com/kpmg-recruitment-2026-bangalore/,https://ejgk.fa.em2.oraclecloud.com/hcmUI/CandidateExperience/en/sites/CX_3/job/30048818?keyword=Analyst&mode=location,yes,"trusted ATS domain; path names a posting or form; labelled ""Click Here To Apply"" (highest)",
6a9599fe321ef6546a2294b5,placementdriveofficial,12832,Wipro,2026-08-31T15:13:02.856Z,repaired,direct,9,https://placementdrive.in/job/wipro-data-analyst-job-openings-2026-2,https://careers.wipro.com/job/Gurugram-Data-Analyst-IND-122016/196228-en_US,yes,"host matches the company; path names a posting or form; labelled ""Click Here To Apply"" (highest)",
6a9599fd321ef6546a2294b4,placementdriveofficial,12831,JPMorgan Chase,2026-08-31T15:13:01.836Z,repaired,direct,10,https://placementdrive.in/job/jpmorgan-chase-recruitment-program-2,https://jpmc.fa.oraclecloud.com/hcmUI/CandidateExperience/en/sites/CX_1001/job/210748551,yes,"trusted ATS domain; path names a posting or form; labelled ""Click Here To Apply"" (highest)",
6a9599d2321ef6546a2294b3,placementdriveofficial,12830,HPE,2026-08-31T15:12:18.545Z,repaired,direct,9,https://placementdrive.in/job/hpe-recruitment-aug-2026,https://careers.hpe.com/us/en/job/1212021/Delivery-Support-Specialist,yes,"host matches the company; path names a posting or form; labelled ""Click Here To Apply"" (highest)",
6a9599d1321ef6546a2294b2,placementdriveofficial,12829,EY,2026-08-31T15:12:17.509Z,repaired,direct,5,https://placementdrive.in/job/ey-recruitment,https://careers.ey.com/ey/job/Mumbai-Analyst-Business-Consulting-Risk-National-CNS-Risk-Risk-Management-Mumbai-MH-400028/1431474433,yes,"path names a posting or form; labelled ""Click Here To Apply"" (high)",
6a9599d0321ef6546a2294b1,placementdriveofficial,12828,Nokia,2026-08-31T15:12:16.485Z,repaired,direct,10,https://placementdrive.in/job/nokia-data-engineering-job-alerts-2026,https://fa-evmr-saasfaprod1.fa.ocs.oraclecloud.com/hcmUI/CandidateExperience/en/sites/CX_1/job/39587,yes,"trusted ATS domain; path names a posting or form; labelled ""Click Here To Apply"" (highest)",
6a9599cf321ef6546a2294b0,placementdriveofficial,12827,,2026-08-31T15:12:15.445Z,repaired,direct,5,https://pdlinks.in/9f55ac,https://careers.caterpillar.com/en/jobs/r0000390980/ca-cma-internship,yes,"path names a posting or form; labelled ""Click Here To Apply"" (high)",
6a9599ce321ef6546a2294af,placementdriveofficial,12826,,2026-08-31T15:12:14.318Z,repaired,direct,5,https://pdlinks.in/5f6e2f,https://jobs.volvocars.com/job/Bengaluru-PX-Intern-KA-562122/1423901933,yes,"path names a posting or form; labelled ""Click Here To Apply"" (high)",
6a9599cd321ef6546a2294ae,placementdriveofficial,12825,,2026-08-31T15:12:13.290Z,repaired,direct,5,https://pdlinks.in/2be,https://careers.micron.com/careers/job/43751444?domain=micron.com,yes,"path names a posting or form; labelled ""Click Here To Apply"" (high)",
6a9599cc321ef6546a2294ad,placementdriveofficial,12824,,2026-08-31T15:12:12.259Z,repaired,direct,10,https://pdlinks.in/zt2,https://pwhr.darwinbox.in/ms/candidatev2/a62d7a6e288992/careers/jobDetails/a6683a09f33bd1,yes,"trusted ATS domain; path names a posting or form; labelled ""Click Here To Apply"" (highest)",
6a9599cb321ef6546a2294ac,placementdriveofficial,12823,,2026-08-31T15:12:11.336Z,repaired,direct,10,https://pdlinks.in/xe6,https://valeo.wd3.myworkdayjobs.com/valeo_jobs/job/Chennai/R-D-Trainee-Apprentice-VIE_REQ2026072348,yes,"trusted ATS domain; path names a posting or form; labelled ""Click Here To Apply"" (highest)",
6a9599ca321ef6546a2294ab,placementdriveofficial,12822,IBM,2026-08-31T15:12:10.200Z,repaired,direct,9,https://jobs4fresher.com/ibm-internship-2026-across-india-2/,https://careers.ibm.com/en_US/careers/JobDetail?jobId=114791,yes,"host matches the company; path names a posting or form; labelled ""Click Here To Apply"" (highest)",
6a9599c9321ef6546a2294aa,placementdriveofficial,12821,Eurofins,2026-08-31T15:12:09.171Z,repaired,direct,7,https://jobs4fresher.com/eurofins-recruitment-2026-navi-mumbai/,https://jobs.smartrecruiters.com/Eurofins/744000134746329-analyst-hplc-,yes,"trusted ATS domain; labelled ""Click Here To Apply"" (high)",
6a9599c8321ef6546a2294a9,placementdriveofficial,12820,Wissen Technology,2026-08-31T15:12:08.140Z,repaired,direct,14,https://placementdrive.in/job/wissen-technology-recruitment-program-2026,https://wissen.zohorecruit.in/jobs/Careers/80238000209753549,yes,"trusted ATS domain; host matches the company; path names a posting or form; labelled ""Click Here To Apply"" (highest)",
6a9599c7321ef6546a2294a8,placementdriveofficial,12819,,2026-08-31T15:12:07.010Z,repaired,direct,5,https://pdlinks.in/ioa,https://jobs.zs.com/jobs/63632/job?iis=Job+Board&iisn=Indeed&indeed-apply-token=73a2d2b2a8d6d5c0a62696875eaebd669103652d3f0c2cd5445d3e66b1592b0f,yes,"path names a posting or form; labelled ""Click Here To Apply"" (high)",
6a9599c3321ef6546a2294a7,placementdriveofficial,12817,Microsoft,2026-08-31T15:12:03.604Z,repaired,direct,9,https://pdlinks.in/h0v,https://apply.careers.microsoft.com/careers/job/1970393556981556?domain=microsoft.com,yes,"host matches the company; path names a posting or form; labelled ""Click Here To Apply"" (highest)",
6a9599c2321ef6546a2294a6,placementdriveofficial,12816,,2026-08-31T15:12:02.576Z,repaired,direct,7,https://pdlinks.in/5ao,https://accenture.com/in-en/careers/jobdetails?id=AIOC-S01662802_en,yes,"path names a posting or form; official application form; labelled ""Click Here To Apply"" (high)",
6a9599c1321ef6546a2294a5,placementdriveofficial,12815,,2026-08-31T15:12:01.545Z,repaired,direct,10,https://pdlinks.in/eou,https://india-careers-aon.icims.com/jobs/105627/job?iis=Job+Board&iisn=Indeed&indeed-apply-token=73a2d2b2a8d6d5c0a62696875eaebd669103652d3f0c2cd5445d3e66b1592b0f&mobile=false&width=940&height=500&bga=true&needsRedirect=false&jan1offset=330&jun1offset=330,yes,"trusted ATS domain; path names a posting or form; labelled ""Click Here To Apply"" (highest)",
6a959994321ef6546a2294a4,placementdriveofficial,12812,Paytm,2026-08-31T15:11:16.909Z,flagged,suspicious,,https://pdlinks.in/848cdf,https://pdlinks.in/848cdf,yes,unresolved redirect wrapper (redirect loop),
6a959993321ef6546a2294a3,placementdriveofficial,12811,Google,2026-08-31T15:11:15.980Z,repaired,direct,9,https://pdlinks.in/ibe,https://google.com/about/careers/applications/jobs/results/99925955933283014-data-center-technician-intern,yes,"host matches the company; path names a posting or form; labelled ""Click Here To Apply"" (highest)",
6a959991321ef6546a2294a2,placementdriveofficial,12809,,2026-08-31T15:11:13.914Z,repaired,direct,5,https://pdlinks.in/c1j,https://careers.hcltech.com/job/Analyst-%28Non-Voice%29/153225-en_US,yes,"path names a posting or form; labelled ""Click Here To Apply"" (high)",
6a959990321ef6546a2294a1,placementdriveofficial,12808,,2026-08-31T15:11:12.891Z,repaired,direct,8,https://pdlinks.in/1gu,https://jll.wd1.myworkdayjobs.com/en-GB/jllcareers/job/Gurugram-HR/Intern_REQ530356,yes,trusted ATS domain; path names a posting or form (high),https://jll.wd1.myworkdayjobs.com/en-GB/jllcareers/job/Gurugram-HR/Intern_REQ530356 [high/8] | https://careers.spglobal.com/jobs/329670?lang=en-us [high/5]
6a95998e321ef6546a2294a0,placementdriveofficial,12806,,2026-08-31T15:11:10.612Z,flagged,aggregator,,https://pdlinks.in/2nr,,yes,2 candidate(s) on the page,https://jll.wd1.myworkdayjobs.com/en-GB/jllcareers/job/Gurugram-HR/Intern_REQ530356 [high/8] | https://pgcareers.com/global/en/job/R000154803/IT-Internship [high/7]
6a95998c321ef6546a22949f,placementdriveofficial,12804,,2026-08-31T15:11:08.129Z,repaired,direct,8,https://pdlinks.in/gcy,https://jll.wd1.myworkdayjobs.com/en-GB/jllcareers/job/Gurugram-HR/Intern_REQ530356,yes,trusted ATS domain; path names a posting or form (high),https://jll.wd1.myworkdayjobs.com/en-GB/jllcareers/job/Gurugram-HR/Intern_REQ530356 [high/8] | https://careers.unitedhealthgroup.com/job/-/-/34088/98493642272?p_sid=yMHhEwb&p_uid=Dh3W5J6tEm&ss=paid [high/5]
6a959989321ef6546a22949d,placementdriveofficial,12801,Emerson,2026-08-31T15:11:05.968Z,repaired,direct,10,https://jobs4fresher.com/emerson-internship-2026-pune/,https://hdjq.fa.us2.oraclecloud.com/hcmUI/CandidateExperience/en/sites/CX_1/job/26009535,yes,"trusted ATS domain; path names a posting or form; labelled ""Click Here To Apply"" (highest)",
6a95998a321ef6546a22949e,placementdriveofficial,12802,,2026-08-31T15:11:06.889Z,repaired,direct,8,https://pdlinks.in/utz,https://jll.wd1.myworkdayjobs.com/en-GB/jllcareers/job/Gurugram-HR/Intern_REQ530356,yes,trusted ATS domain; path names a posting or form (high),https://jll.wd1.myworkdayjobs.com/en-GB/jllcareers/job/Gurugram-HR/Intern_REQ530356 [high/8] | https://wd1.myworkdaysite.com/recruiting/wf/WellsFargoJobs/job/Hyderabad-India/Data-Management-Analyst_R-569428 [high/5]
6a959988321ef6546a22949c,placementdriveofficial,12800,Salesforce,2026-08-31T15:11:04.931Z,repaired,direct,9,https://jobs4fresher.com/salesforce-off-campus-drive-2026-bangalore-hyderabad-2/,https://salesforce.com/company/careers/jobs/JR357143/associate-technical-consultant,yes,"host matches the company; path names a posting or form; labelled ""Click Here To Apply"" (highest)",
6a959987321ef6546a22949b,placementdriveofficial,12799,FedEx,2026-08-31T15:11:03.482Z,repaired,direct,9,https://jobs4fresher.com/fedex-recruitment-2026-hyderabad-3/,https://careers.fedex.com/full-stack-developer-i/job/P25-330706-1,yes,"host matches the company; path names a posting or form; labelled ""Click Here To Apply"" (highest)",
6a959986321ef6546a22949a,placementdriveofficial,12798,Merck Group,2026-08-31T15:11:02.457Z,repaired,direct,5,https://jobs4fresher.com/merck-group-recruitment-2026-bangalore/,https://careers.merckgroup.com/global/en/job/302856/Software-Engineer,yes,"path names a posting or form; labelled ""Click Here To Apply"" (high)",
6a959985321ef6546a229499,placementdriveofficial,12797,Qualcomm,2026-08-31T15:11:01.323Z,repaired,direct,9,https://placementdrive.in/job/qualcomm-recruitment-program-2026-2,https://careers.qualcomm.com/careers/job/446720679584?hl=en-US&domain=qualcomm.com,yes,"host matches the company; path names a posting or form; labelled ""Click Here To Apply"" (highest)",
6a959957321ef6546a229497,placementdriveofficial,12794,Air Arabia,2026-08-31T15:10:15.870Z,repaired,direct,7,https://placementdrive.in/job/air-arabia-data-analytics-job-alerts-2026,https://airarabiagroupcareers.com/gb/en/job/AAQAARGLOBAL17304EXTERNALENGB/Data-Analytics-Engineer-II,yes,"path names a posting or form; official application form; labelled ""Click Here To Apply"" (high)",
6a95995a321ef6546a229498,placementdriveofficial,12796,,2026-08-31T15:10:18.038Z,repaired,direct,10,https://pdlink.in/4xgk3O1,https://r1rcm.wd1.myworkdayjobs.com/R1RCM/job/Noida-India/Software-Engineer-I_R260000004437,yes,"trusted ATS domain; path names a posting or form; labelled ""Click Here To Apply"" (highest)",
6a959956321ef6546a229496,placementdriveofficial,12793,Deloitte,2026-08-31T15:10:14.853Z,repaired,direct,9,https://pdlinks.in/jsg,https://usijobs.deloitte.com/en_US/careersUSI/JobDetail/USI-EH27-GPS-GPS-Procurement-L25-Services-Associate-Data-Prep-Reporting-PSBI-Hyderabad/363451,yes,"host matches the company; path names a posting or form; labelled ""Click Here To Apply"" (highest)",
6a959954321ef6546a229495,placementdriveofficial,12790,,2026-08-31T15:10:12.594Z,repaired,direct,5,https://pdlink.in/45JrLnX,https://amazon.jobs/en/jobs/10511846/production-planning-analyst-supply-chain,yes,"path names a posting or form; labelled ""Click Here To Apply"" (high)",
6a959953321ef6546a229494,placementdriveofficial,12789,,2026-08-31T15:10:11.570Z,repaired,direct,10,https://pdlink.in/4y281rJ,https://zebra.wd501.myworkdayjobs.com/Zebra_careers/job/Bengaluru-India/Data-EngineerI_JR102916,yes,"trusted ATS domain; path names a posting or form; labelled ""Click Here To Apply"" (highest)",
6a959952321ef6546a229493,placementdriveofficial,12788,HCLTech,2026-08-31T15:10:10.643Z,flagged,aggregator,,https://pdlink.in/4zCeJpR,,yes,"best candidate is suspicious (linkedin.com is a third-party job board, not the employer's own application)",https://linkedin.com/jobs/view/4457893912/?alternateChannel=search&eBP=CwEAAAGgMlKQLE9qvu1wQqpntgXK5gLutfei9eK8cRDZRrqhdZvbJqHdBEhhrVzhI5yWmcrmA569EqT8j8Mj8iYRVebe7Kk1EFpwgu-V3s04IF6-bhc0r5x0LcEi0Se42sdFhdXpNLjst296QIp5t1SOYi8hQQIsL6jTMsG6uc80zA8qdrHeHTFvzClwYFBRBZFD9hG2CkxHsQR57O6oxjLOVMV94ZlleN-9DIMpezm1ixmgBFbfhL4C-MbgIQJv_ftkqlKNrk3cYny-xrNjzklDfNMRXK2IYkXE0QzHk-Cu0lrNFi-ntmjuff51ms-IeHJoLlvGhD9qqFLsbuauJYnfXavbyKCS_dvog3Qyrshq5LWI5BhbP8mcbglRmZpFK0ZtLwjLW70zfkVx9ipiwMyikRcuDDjXgt4oiro0qgMccLvLh_YgKUwstlLVIVejMDy1eQxkU-Dt4gG3z5TQQngoooBXGLMsog&refId=wkky5%2BA4kQHhHsJKW5n8bA%3D%3D&trackingId=0LbdYFc5DykXQHOBpoQ5Ug%3D%3D [high/5]
6a959951321ef6546a229492,placementdriveofficial,12787,Conduent,2026-08-31T15:10:09.618Z,flagged,aggregator,,https://pdlink.in/4qCKaMM,,yes,"best candidate is suspicious (naukri.com is a third-party job board, not the employer's own application)",https://naukri.com/job-listings-hiring-freshers-customer-support-voice-process-walk-in-at-itpl-conduent-bengaluru-0-to-3-years-240826018444?sid=17876358554356374_2&xp=14&px=2 [high/5]
6a959950321ef6546a229491,placementdriveofficial,12785,Sagility,2026-08-31T15:10:08.699Z,flagged,aggregator,,https://pdlink.in/4gxo9ug,,yes,"best candidate is suspicious (naukri.com is a third-party job board, not the employer's own application)",https://naukri.com/job-listings-customer-support-executive-sagility-india-bengaluru-0-to-1-years-131225015844?sid=17861651624473493_30&xp=14&px=31 [high/5]
6a95994e321ef6546a22948f,placementdriveofficial,12783,,2026-08-31T15:10:06.415Z,repaired,direct,10,https://pdlink.in/4qC061P,https://salesforce.wd12.myworkdayjobs.com/External_Career_Site/job/India---Hyderabad/Associate-Technical-Consultant_JR357143-1,yes,"trusted ATS domain; path names a posting or form; labelled ""Click Here To Apply"" (highest)",
6a95994f321ef6546a229490,placementdriveofficial,12784,,2026-08-31T15:10:07.664Z,flagged,suspicious,,https://pdlink.in/46qja9K,https://pdlink.in/46qja9K,yes,unresolved redirect wrapper (redirect loop),
6a95994d321ef6546a22948e,placementdriveofficial,12782,,2026-08-31T15:10:05.387Z,repaired,direct,5,https://pdlink.in/4hYeq2t,https://jobs.standardchartered.com/job/Business-Analyst%252C-CPM-Model-Data-Strategy-Team/57029-en_GB?,yes,"path names a posting or form; labelled ""Click Here To Apply"" (high)",
6a95994c321ef6546a22948d,placementdriveofficial,12781,,2026-08-31T15:10:04.370Z,flagged,suspicious,,https://pdlink.in/4xf1gTh,https://pdlink.in/4xf1gTh,yes,unresolved redirect wrapper (redirect loop),
6a95994b321ef6546a22948c,placementdriveofficial,12780,,2026-08-31T15:10:03.334Z,flagged,suspicious,,https://pdlink.in/4wRdMYj,https://pdlink.in/4wRdMYj,yes,unresolved redirect wrapper (redirect loop),
6a95991e321ef6546a22948a,placementdriveofficial,12778,,2026-08-31T15:09:18.646Z,repaired,direct,7,https://pdlink.in/3Syidca,https://southasiacareers.deloitte.com/job/Bengaluru-Associate-Analyst-Automation-Testing-Bengaluru-Engineering-Quality-Engineering/59048844,yes,"path names a posting or form; official application form; labelled ""Click Here To Apply"" (high)",
6a95994a321ef6546a22948b,placementdriveofficial,12779,,2026-08-31T15:10:02.213Z,repaired,direct,5,https://pdlink.in/4ipylY3,https://careers.micron.com/careers/job/43617841?domain=micron.com,yes,"path names a posting or form; labelled ""Click Here To Apply"" (high)",
6a95991d321ef6546a229489,placementdriveofficial,12777,,2026-08-31T15:09:17.625Z,flagged,aggregator,,https://pdlink.in/3Uklz3a,,yes,"best candidate is suspicious (linkedin.com is a third-party job board, not the employer's own application)",https://linkedin.com/jobs/view/4456242013 [high/5]
6a95991c321ef6546a229488,placementdriveofficial,12776,,2026-08-31T15:09:16.686Z,repaired,direct,10,https://pdlink.in/4qCJO8S,https://egug.fa.us2.oraclecloud.com/hcmUI/CandidateExperience/en/sites/CX_1/job/26012739,yes,"trusted ATS domain; path names a posting or form; labelled ""Click Here To Apply"" (highest)",
6a95991b321ef6546a229487,placementdriveofficial,12775,,2026-08-31T15:09:15.554Z,repaired,direct,5,https://pdlink.in/4xjYbRS,https://careers.spglobal.com/jobs/329670?lang=en-us,yes,"path names a posting or form; labelled ""Click Here To Apply"" (high)",
6a95991a321ef6546a229486,placementdriveofficial,12774,,2026-08-31T15:09:14.522Z,repaired,direct,10,https://pdlink.in/4gpK3zh,https://itron.wd5.myworkdayjobs.com/en-GB/Itron/job/India-Bangalore/Apprentice_JR102245-1,yes,"trusted ATS domain; path names a posting or form; labelled ""Click Here To Apply"" (highest)",
6a959914321ef6546a229483,fresher_offcampus_drives,5850,EY,2026-08-31T15:09:08.567Z,flagged,aggregator,,https://offcampusjobdrives.com/ey-off-campus-hiring-for-analyst-risk-management/,,yes,1 candidate(s) on the page,https://careers.ey.com/ey/job/Mumbai-Analyst-Business-Consulting-Risk-National-CNS-Risk-Risk-Management-Mumbai-MH-400028/1431474433 [low/3]
6a959919321ef6546a229485,placementdriveofficial,12773,,2026-08-31T15:09:13.289Z,repaired,direct,7,https://pdlink.in/4y2fZ4b,https://accenture.com/in-en/careers/jobdetails?id=ATCI-5674628-S2063559_en,yes,"path names a posting or form; official application form; labelled ""Click Here To Apply"" (high)",
6a959913321ef6546a229482,fresher_offcampus_drives,5849,Cognizant,2026-08-31T15:09:07.537Z,flagged,aggregator,,https://kickcharm.com/cognizant-recruitment-hiring-for-fresher/,,yes,1 candidate(s) on the page,https://naukri.com/job-listings-process-executive-hyderabad-cognizant-hyderabad-0-to-0-years-030826012315?sid=17871354957682360_1&xp=5&px=2 [low/3]
6a959912321ef6546a229481,fresher_offcampus_drives,5848,Eaton,2026-08-31T15:09:06.607Z,repaired,direct,12,https://offcampusjobdrives.com/eaton-off-campus-hiring-for-assistant-analyst-ptp/,https://eaton.eightfold.ai/careers/job/687238559239?,yes,trusted ATS domain; host matches the company; path names a posting or form (highest),
6a959918321ef6546a229484,placementdriveofficial,12772,,2026-08-31T15:09:12.262Z,repaired,direct,5,https://pdlink.in/4iqPPmW,https://apply.careers.microsoft.com/careers/job/1970393556978214,yes,"path names a posting or form; labelled ""Click Here To Apply"" (high)",
6a959910321ef6546a22947f,fresher_offcampus_drives,5846,Peroptyx,2026-08-31T15:09:04.454Z,flagged,aggregator,,https://kickcharm.com/peroptyx-work-from-home-hiring-freshers/,,yes,aggregator page had no apply candidate,
6a959911321ef6546a229480,fresher_offcampus_drives,5847,Honeywell,2026-08-31T15:09:05.575Z,repaired,direct,10,https://offcampusjobdrives.com/honeywell-hiring-intern-bachelors/,https://ibqbjb.fa.ocs.oraclecloud.com/hcmUI/CandidateExperience/en/sites/Honeywell/job/155473,yes,"trusted ATS domain; path names a posting or form; labelled ""Apply Here"" (highest)",
6a95990f321ef6546a22947e,fresher_offcampus_drives,5845,GlobalLogic,2026-08-31T15:09:03.201Z,repaired,direct,10,https://offcampusjobdrives.com/honeywell-hiring-intern-bachelors/,https://ibqbjb.fa.ocs.oraclecloud.com/hcmUI/CandidateExperience/en/sites/Honeywell/job/155473,yes,"trusted ATS domain; path names a posting or form; labelled ""Apply Here"" (highest)",
6a9598e2321ef6546a22947d,fresher_offcampus_drives,5842,Tata Consultancy Services,2026-08-31T15:08:18.669Z,flagged,aggregator,,https://kickcharm.com/tcs-nqt-2022-registration-started/,,yes,aggregator page had no apply candidate,
6a9598e0321ef6546a22947c,fresher_offcampus_drives,5840,Deloitte,2026-08-31T15:08:16.507Z,flagged,aggregator,,https://kickcharm.com/deloitte-recruitment-hiring-any-graduates-fresher/,,yes,1 candidate(s) on the page,https://linkedin.com/jobs/view/4460460565 [low/3]
6a9598df321ef6546a22947b,fresher_offcampus_drives,5839,Qualcomm,2026-08-31T15:08:15.278Z,repaired,direct,7,https://offcampusjobdrives.com/qualcomm-is-hiring-for-associate-engineer/,https://careers.qualcomm.com/careers/job/446720679584?hl=en-US&domain=qualcomm.com,yes,host matches the company; path names a posting or form (high),
6a9598de321ef6546a22947a,fresher_offcampus_drives,5837,Cognizant,2026-08-31T15:08:14.254Z,flagged,aggregator,,https://kickcharm.com/cognizant-recruitment-hiring-for-fresher/,,yes,1 candidate(s) on the page,https://naukri.com/job-listings-process-executive-hyderabad-cognizant-hyderabad-0-to-0-years-030826012315?sid=17871354957682360_1&xp=5&px=2 [low/3]
6a9598dc321ef6546a229478,fresher_offcampus_drives,5833,Deloitte,2026-08-31T15:08:12.092Z,flagged,aggregator,,https://offcampusjobdrives.com/deloitte-ea-barclays-hiring-freshers-interns-2026/,,yes,3 candidate(s) on the page,https://barclays.wd3.myworkdayjobs.com/External_Career_Site_Barclays/job/Noida-Candor-TechSpace/USCB-Operations-Analyst_JR-0000124569 [high/8] | https://southasiacareers.deloitte.com/job/Bengaluru-Associate-Analyst-Automation-Testing-Bengaluru-Engineering-Quality-Engineering/59048844 [high/7] | https://jobs.ea.com/en_US/careers/JobDetail/Software-Engineer-Intern/214958 [low/3]
6a9598dd321ef6546a229479,fresher_offcampus_drives,5835,Sasken Technologies,2026-08-31T15:08:13.226Z,repaired,direct,5,https://kickcharm.com/sasken-technologies-hiring-graduates-fresher/,https://hirewand.com/apply/job/detail?jid=20221077&sid=603c97cc12823e2c17d5185a&cpid=2022&uid=147403,yes,path names a posting or form; official application form (high),
6a9598d8321ef6546a229476,Fresherjobsadda,4952,IBM,2026-08-31T15:08:08.276Z,repaired,direct,,https://jobs.dailypharmajobs.in/ibm-process-associate-2026-hr-contact-center-bangalore-apply-now/,https://jobs.dailypharmajobs.in/ibm-process-associate-2026-hr-contact-center-bangalore-apply-now,yes,jobs.dailypharmajobs.in is a careers host,
6a9598d6321ef6546a229474,Fresherjobsadda,4950,IBM,2026-08-31T15:08:06.213Z,repaired,direct,,https://jobs.dailypharmajobs.in/ibm-internship-2026-application-developer-intern-pan-india/,https://jobs.dailypharmajobs.in/ibm-internship-2026-application-developer-intern-pan-india,yes,jobs.dailypharmajobs.in is a careers host,
6a9598da321ef6546a229477,fresher_offcampus_drives,5832,Deloitte,2026-08-31T15:08:10.967Z,flagged,aggregator,,https://kickcharm.com/deloitte-recruitment-hiring-any-graduates-fresher/,,yes,1 candidate(s) on the page,https://linkedin.com/jobs/view/4460460565 [low/3]
6a9598d3321ef6546a229473,getjobss,8124,Apple,2026-08-31T15:08:03.855Z,repaired,direct,,https://jobs.apple.com/en-us/details/200675619-0321/software-development-engineer?board_id=17682,https://jobs.apple.com/en-us/details/200675619-0321/software-development-engineer?board_id=17682,yes,jobs.apple.com matches the posting's company,
6a9598d1321ef6546a229471,getjobss,8122,Accenture,2026-08-31T15:08:01.463Z,repaired,direct,,https://www.accenture.com/in-en/careers/jobdetails?id=ATCI-5674628-S2063559_en&title=Application+Support+Engineer&c=car_glb_curateddailycondialogbox_12220771&n=otc_0621,https://accenture.com/in-en/careers/jobdetails?id=ATCI-5674628-S2063559_en&title=Application+Support+Engineer&c=car_glb_curateddailycondialogbox_12220771&n=otc_0621,yes,accenture.com matches the posting's company,
6a9598d2321ef6546a229472,getjobss,8123,Salesforce,2026-08-31T15:08:02.614Z,repaired,direct,,https://www.salesforce.com/company/careers/jobs/JR349384/technical-support-engineer/,https://salesforce.com/company/careers/jobs/JR349384/technical-support-engineer,yes,salesforce.com matches the posting's company,
6a9598a4321ef6546a22946f,getjobss,8119,Emerson,2026-08-31T15:07:16.883Z,repaired,direct,,https://hdjq.fa.us2.oraclecloud.com/hcmUI/CandidateExperience/en/sites/CX_1/jobs/preview/26008147/?keyword=engineer&location=India&locationId=300000000228786&locationLevel=country&mode=location,https://hdjq.fa.us2.oraclecloud.com/hcmUI/CandidateExperience/en/sites/CX_1/jobs/preview/26008147/?keyword=engineer&location=India&locationId=300000000228786&locationLevel=country&mode=location,yes,hdjq.fa.us2.oraclecloud.com is a trusted ATS domain,
6a9598a3321ef6546a22946e,getjobss,8118,IQVIA,2026-08-31T15:07:15.755Z,repaired,direct,,https://iqvia.wd1.myworkdayjobs.com/en-US/IQVIA/job/Software-Development-Engineer-2_R1560859?locations=1cf3a1582b7701da95a1ed9700294722,https://iqvia.wd1.myworkdayjobs.com/en-US/IQVIA/job/Software-Development-Engineer-2_R1560859?locations=1cf3a1582b7701da95a1ed9700294722,yes,iqvia.wd1.myworkdayjobs.com is a trusted ATS and the host matches the company,
6a9598a6321ef6546a229470,getjobss,8121,GlobalLogic,2026-08-31T15:07:18.045Z,repaired,direct,,https://www.globallogic.com/careers/associate-analyst-freshers-non-technical-non-voice-irc303178/,https://globallogic.com/careers/associate-analyst-freshers-non-technical-non-voice-irc303178,yes,globallogic.com matches the posting's company,
6a9598a0321ef6546a22946c,getjobss,8115,IBM,2026-08-31T15:07:12.573Z,repaired,direct,,https://careers.ibm.com/en_US/careers/JobDetail?jobId=114791&source=WEB_Search_INDIA,https://careers.ibm.com/en_US/careers/JobDetail?jobId=114791,yes,careers.ibm.com matches the posting's company,
6a95989e321ef6546a22946b,getjobss,8113,Zebra Technologies,2026-08-31T15:07:10.404Z,repaired,direct,,https://zebra.wd501.myworkdayjobs.com/en-US/Zebra_careers/job/Data-EngineerI_JR102916?locations=281a47809d0e10014436581537c40000,https://zebra.wd501.myworkdayjobs.com/en-US/Zebra_careers/job/Data-EngineerI_JR102916?locations=281a47809d0e10014436581537c40000,yes,zebra.wd501.myworkdayjobs.com is a trusted ATS and the host matches the company,
6a95989d321ef6546a22946a,getjobss,8112,Salesforce,2026-08-31T15:07:09.069Z,repaired,direct,,https://www.salesforce.com/company/careers/jobs/JR357143/associate-technical-consultant/,https://salesforce.com/company/careers/jobs/JR357143/associate-technical-consultant,yes,salesforce.com matches the posting's company,
6a9598a2321ef6546a22946d,getjobss,8117,FedEx,2026-08-31T15:07:14.722Z,repaired,direct,,https://careers.fedex.com/full-stack-developer-i/job/P25-330706-1?utm_source=CareerSiteOrganic,https://careers.fedex.com/full-stack-developer-i/job/P25-330706-1,yes,careers.fedex.com matches the posting's company,
6a95989b321ef6546a229469,getjobss,8110,LG Solution,2026-08-31T15:07:07.008Z,repaired,direct,,https://jobs.ashbyhq.com/lgads/02b11bae-83d2-47f5-9ff2-6114f13ee360,https://jobs.ashbyhq.com/lgads/02b11bae-83d2-47f5-9ff2-6114f13ee360,yes,jobs.ashbyhq.com is a trusted ATS domain,
6a9598d7321ef6546a229475,Fresherjobsadda,4951,,2026-08-31T15:08:07.246Z,flagged,suspicious,,https://go.acciojob.com/FSpZ9A,https://go.acciojob.com/FSpZ9A,yes,"https://go.acciojob.com/FSpZ9A → host contains ""placement""",
6a959899321ef6546a229468,getjobss,8109,Scooter,2026-08-31T15:07:05.885Z,repaired,direct,,https://www.thescooter.ai/home/careers/6a8d79d7e8724db7d110015a,https://thescooter.ai/home/careers/6a8d79d7e8724db7d110015a,yes,path names a posting or an application form,
6a959898321ef6546a229467,getjobss,8108,Hilti,2026-08-31T15:07:04.857Z,repaired,direct,,https://careers.hilti.group/en/jobs/19527-en/embedded-software-engineer,https://careers.hilti.group/en/jobs/19527-en/embedded-software-engineer,yes,careers.hilti.group matches the posting's company,
6a959897321ef6546a229466,getjobss,8107,Micron Technology,2026-08-31T15:07:03.727Z,repaired,direct,,https://careers.micron.com/careers/job/43646428?domain=micron.com,https://careers.micron.com/careers/job/43646428?domain=micron.com,yes,careers.micron.com matches the posting's company,
6a95986a321ef6546a229465,getjobss,8104,Amazon,2026-08-31T15:06:18.157Z,repaired,direct,,https://www.amazon.jobs/en/jobs/10506481/sde-i-intern-amazon-university-talent-acquisition,https://amazon.jobs/en/jobs/10506481/sde-i-intern-amazon-university-talent-acquisition,yes,amazon.jobs matches the posting's company,
6a959869321ef6546a229464,getjobss,8103,Cisco,2026-08-31T15:06:17.130Z,repaired,direct,,https://careers.cisco.com/global/en/job/CISCISGLOBAL2022643EXTERNALENGLOBAL/Software-Engineer?utm_source=linkedin&utm_medium=phenom-feeds,https://careers.cisco.com/global/en/job/CISCISGLOBAL2022643EXTERNALENGLOBAL/Software-Engineer,yes,careers.cisco.com matches the posting's company,
6a959866321ef6546a229463,jobs_SQL,4925,OpenX,2026-08-31T15:06:14.855Z,repaired,direct,,https://jobs.lever.co/openx/df23b30a-21b5-4055-9698-5b5c2767df3c/apply?source=LinkedIn,https://jobs.lever.co/openx/df23b30a-21b5-4055-9698-5b5c2767df3c/apply,yes,jobs.lever.co is a trusted ATS domain,
6a959865321ef6546a229462,jobs_SQL,4924,Wipro,2026-08-31T15:06:13.821Z,repaired,direct,,https://careers.wipro.com/job/Data-Analyst/196228-en_US,https://careers.wipro.com/job/Data-Analyst/196228-en_US,yes,careers.wipro.com matches the posting's company,
6a959864321ef6546a229461,jobs_SQL,4923,Google,2026-08-31T15:06:12.786Z,repaired,direct,,https://www.google.com/about/careers/applications/jobs/results/99925955933283014-data-center-technician-intern-2027,https://google.com/about/careers/applications/jobs/results/99925955933283014-data-center-technician-intern-2027,yes,google.com matches the posting's company,
6a959863321ef6546a229460,jobs_SQL,4922,,2026-08-31T15:06:11.758Z,repaired,direct,,https://ejgk.fa.em2.oraclecloud.com/hcmUI/CandidateExperience/en/sites/CX_3/job/30048818?keyword=Analyst&mode=location,https://ejgk.fa.em2.oraclecloud.com/hcmUI/CandidateExperience/en/sites/CX_3/job/30048818?keyword=Analyst&mode=location,yes,ejgk.fa.em2.oraclecloud.com is a trusted ATS domain,
6a959862321ef6546a22945f,jobs_SQL,4921,Optum,2026-08-31T15:06:10.517Z,repaired,direct,,https://careers.unitedhealthgroup.com/job/hyderabad/associate-data-analyst-scala-pyspark-azure-cloud-ai/34088/99152125904,https://careers.unitedhealthgroup.com/job/hyderabad/associate-data-analyst-scala-pyspark-azure-cloud-ai/34088/99152125904,yes,careers.unitedhealthgroup.com is a careers host,
6a959861321ef6546a22945e,jobs_SQL,4920,Microsoft,2026-08-31T15:06:09.481Z,repaired,direct,,https://apply.careers.microsoft.com/careers/job/1970393556955253?domain=microsoft.com&hl=en,https://apply.careers.microsoft.com/careers/job/1970393556955253?domain=microsoft.com&hl=en,yes,apply.careers.microsoft.com matches the posting's company,
6a95985f321ef6546a22945d,jobs_SQL,4918,American Express,2026-08-31T15:06:07.533Z,repaired,direct,,https://careers.americanexpress.com/en/sites/CX_1/job/26012927?keyword=Analyst-Data+Analytics&intlink=us-amex-career-en-us-search,https://careers.americanexpress.com/en/sites/CX_1/job/26012927?keyword=Analyst-Data+Analytics&intlink=us-amex-career-en-us-search,yes,careers.americanexpress.com is a careers host,
6a95985c321ef6546a22945b,jobs_SQL,4915,S&P Global,2026-08-31T15:06:04.439Z,repaired,direct,,https://careers.spglobal.com/jobs/329670?lang=en-us,https://careers.spglobal.com/jobs/329670?lang=en-us,yes,careers.spglobal.com is a careers host,
6a95985a321ef6546a22945a,jobs_SQL,4913,Fortive,2026-08-31T15:06:02.389Z,repaired,direct,,https://fortive.eightfold.ai/careers/job/893396777515?domain=fortive.com,https://fortive.eightfold.ai/careers/job/893396777515?domain=fortive.com,yes,fortive.eightfold.ai is a trusted ATS and the host matches the company,
6a95982e321ef6546a229459,jobs_SQL,4911,Qualcomm,2026-08-31T15:05:18.681Z,repaired,direct,,https://careers.qualcomm.com/careers/job/446720205847,https://careers.qualcomm.com/careers/job/446720205847,yes,careers.qualcomm.com matches the posting's company,
6a95982d321ef6546a229458,jobs_SQL,4910,Yokogawa,2026-08-31T15:05:17.652Z,flagged,suspicious,,https://wd3.myworkdaysite.com/en-US/recruiting/yokogawa/yokogawa-career-site/job/Baroda/DCS-Software-Engineer_R-11698,https://wd3.myworkdaysite.com/en-US/recruiting/yokogawa/yokogawa-career-site/job/Baroda/DCS-Software-Engineer_R-11698,yes,path looks like an SEO article slug,
6a95982c321ef6546a229457,jobs_SQL,4909,Johnson Controls,2026-08-31T15:05:16.409Z,repaired,direct,,https://jobs.johnsoncontrols.com/job/WD30277730,https://jobs.johnsoncontrols.com/job/WD30277730,yes,jobs.johnsoncontrols.com is a careers host,
6a959829321ef6546a229455,internshiptojobs,2423,Zenskar,2026-08-31T15:05:13.538Z,flagged,suspicious,,https://wellfound.com/jobs/4628805-technical-support-engineer,https://wellfound.com/jobs/4628805-technical-support-engineer,yes,"wellfound.com is a third-party job board, not the employer's own application",
6a95982a321ef6546a229456,internshiptojobs,2424,qnance,2026-08-31T15:05:14.660Z,repaired,direct,,https://qnance.com/about-us/fpga-programmer/,https://qnance.com/about-us/fpga-programmer,yes,qnance.com matches the posting's company,
6a959828321ef6546a229454,internshiptojobs,2422,Paytm,2026-08-31T15:05:12.304Z,repaired,direct,,https://paytm.ripplehire.com/candidate/?token=Jrn4GUz6HCYtOdlkVCzo&lang=en&source=CAREERSITE#detail/job/839612,https://paytm.ripplehire.com/candidate/?token=Jrn4GUz6HCYtOdlkVCzo&lang=en,yes,paytm.ripplehire.com matches the posting's company,
6a959827321ef6546a229453,internshiptojobs,2421,Epsilon,2026-08-31T15:05:11.068Z,repaired,direct,,https://careers.publicisgroupe.com/epsilon/jobs/171306?lang=en-us&iis=Job+Board,https://careers.publicisgroupe.com/epsilon/jobs/171306?lang=en-us&iis=Job+Board,yes,careers.publicisgroupe.com is a careers host,
6a959826321ef6546a229452,internshiptojobs,2420,Motorq,2026-08-31T15:05:10.037Z,flagged,suspicious,,https://www.linkedin.com/jobs/view/4459083956/,https://www.linkedin.com/jobs/view/4459083956/,yes,"linkedin.com is a third-party job board, not the employer's own application",
6a95985d321ef6546a22945c,jobs_SQL,4916,Paytm,2026-08-31T15:06:05.473Z,repaired,direct,,https://jobs.lever.co/paytm/0a05295a-5393-4c0d-bb0a-a0e7c97f1287,https://jobs.lever.co/paytm/0a05295a-5393-4c0d-bb0a-a0e7c97f1287,yes,jobs.lever.co is a trusted ATS domain,
6a959823321ef6546a229450,internshiptojobs,2418,Growww Tech,2026-08-31T15:05:07.986Z,repaired,direct,,https://growwwtech.com/careers/software-engineer-i,https://growwwtech.com/careers/software-engineer-i,yes,path names a posting or an application form,
6a959822321ef6546a22944f,internshiptojobs,2417,Juspay,2026-08-31T15:05:06.650Z,repaired,direct,,https://juspay.io/careers/DEV-BE01,https://juspay.io/careers/DEV-BE01,yes,juspay.io matches the posting's company,
6a959820321ef6546a22944d,internshiptojobs,2415,Huvo AI,2026-08-31T15:05:04.380Z,flagged,suspicious,,https://wellfound.com/jobs/4544645-backend-engineer-python,https://wellfound.com/jobs/4544645-backend-engineer-python,yes,"wellfound.com is a third-party job board, not the employer's own application",
6a959825321ef6546a229451,internshiptojobs,2419,Kontext.dev,2026-08-31T15:05:09.015Z,flagged,suspicious,,https://www.linkedin.com/jobs/view/4457683577/,https://www.linkedin.com/jobs/view/4457683577/,yes,"linkedin.com is a third-party job board, not the employer's own application",
6a9597ef321ef6546a22944b,careerwithasr,2935,KPMG,2026-08-31T15:04:15.768Z,repaired,direct,,https://ejgk.fa.em2.oraclecloud.com/hcmUI/CandidateExperience/en/sites/CX_3/job/30046319?,https://ejgk.fa.em2.oraclecloud.com/hcmUI/CandidateExperience/en/sites/CX_3/job/30046319?,yes,ejgk.fa.em2.oraclecloud.com is a trusted ATS domain,
6a9597ee321ef6546a22944a,careerwithasr,2933,Baxter,2026-08-31T15:04:14.837Z,repaired,direct,,https://jobs.baxter.com/en/job/-/-/152/97737296624,https://jobs.baxter.com/en/job/-/-/152/97737296624,yes,jobs.baxter.com matches the posting's company,
6a959821321ef6546a22944e,internshiptojobs,2416,Osto,2026-08-31T15:05:05.616Z,flagged,suspicious,,https://www.linkedin.com/jobs/view/4456885486/,https://www.linkedin.com/jobs/view/4456885486/,yes,"linkedin.com is a third-party job board, not the employer's own application",
6a9597ec321ef6546a229448,careerwithasr,2931,Adani,2026-08-31T15:04:12.879Z,repaired,direct,,https://www.adani.com/Opportunity/?source=jobfound.org#en/sites/CX_4001/job/47442,https://adani.com/Opportunity,yes,adani.com matches the posting's company,
6a95981f321ef6546a22944c,internshiptojobs,2414,Thita AI,2026-08-31T15:05:03.245Z,flagged,suspicious,,https://www.linkedin.com/jobs/view/4456880347/,https://www.linkedin.com/jobs/view/4456880347/,yes,"linkedin.com is a third-party job board, not the employer's own application",
6a9597e9321ef6546a229446,careerwithasr,2928,Birlasoft,2026-08-31T15:04:09.889Z,repaired,direct,,https://jobs.birlasoft.com/job/Pune-Management-Trainee-INDI/59019744/,https://jobs.birlasoft.com/job/Pune-Management-Trainee-INDI/59019744,yes,jobs.birlasoft.com matches the posting's company,
6a9597e7321ef6546a229445,careerwithasr,2926,Guidehouse,2026-08-31T15:04:07.833Z,repaired,direct,,https://guidehouse.wd1.myworkdayjobs.com/External/job/IN---Chennai/Junior-Associate-AR_36200/,https://guidehouse.wd1.myworkdayjobs.com/External/job/IN---Chennai/Junior-Associate-AR_36200,yes,guidehouse.wd1.myworkdayjobs.com is a trusted ATS and the host matches the company,
6a9597e6321ef6546a229444,careerwithasr,2925,Accenture,2026-08-31T15:04:06.705Z,flagged,aggregator,,https://job4freshers.co.in/accenture-hiring-process/,,yes,aggregator page had no apply candidate,
6a9597ed321ef6546a229449,careerwithasr,2932,HCLTech,2026-08-31T15:04:13.803Z,flagged,suspicious,,https://www.linkedin.com/jobs/view/4450487407/,https://www.linkedin.com/jobs/view/4450487407/,yes,"linkedin.com is a third-party job board, not the employer's own application",
6a9597e5321ef6546a229443,careerwithasr,2924,Sutherland,2026-08-31T15:04:05.777Z,repaired,direct,,https://sutherland.webex.com/sutherland/j.php?MTID=md649d975f9426dff32888e61fe1a28f9,https://sutherland.webex.com/sutherland/j.php?MTID=md649d975f9426dff32888e61fe1a28f9,yes,sutherland.webex.com matches the posting's company,
6a9597e2321ef6546a229441,careerwithasr,2921,Turing,2026-08-31T15:04:02.691Z,repaired,direct,,https://work.turing.com/job/home?city=Hyderabad&city=Hyderabad&jobCode=BI-KUc5IyNtD&job_id=32120&job_id=32120,https://work.turing.com/job/home?city=Hyderabad&city=Hyderabad&jobCode=BI-KUc5IyNtD&job_id=32120&job_id=32120,yes,work.turing.com matches the posting's company,
6a9597e4321ef6546a229442,careerwithasr,2923,TCS,2026-08-31T15:04:04.647Z,flagged,aggregator,,https://job4freshers.co.in/tcs-nqt-off-campus-hiring/,,yes,1 candidate(s) on the page,https://ibegin.tcs.com/iBegin [medium/4]
6a9597e1321ef6546a229440,careerwithasr,2920,Fujitsu,2026-08-31T15:04:01.772Z,repaired,direct,,https://www.jobs.global.fujitsu.com/job/Application-Development/10854-en_US,https://jobs.global.fujitsu.com/job/Application-Development/10854-en_US,yes,jobs.global.fujitsu.com matches the posting's company,
6a9597b5321ef6546a22943e,careerwithasr,2918,Morningstar,2026-08-31T15:03:17.002Z,repaired,direct,,https://morningstar.wd5.myworkdayjobs.com/en-US/morningstar/job/Mumbai/Apprentice_REQ-057801?,https://morningstar.wd5.myworkdayjobs.com/en-US/morningstar/job/Mumbai/Apprentice_REQ-057801?,yes,morningstar.wd5.myworkdayjobs.com is a trusted ATS and the host matches the company,
6a9597ea321ef6546a229447,careerwithasr,2929,Weekday,2026-08-31T15:04:10.827Z,flagged,suspicious,,https://www.linkedin.com/jobs/view/4452253352/,https://www.linkedin.com/jobs/view/4452253352/,yes,"linkedin.com is a third-party job board, not the employer's own application",
6a9597b3321ef6546a22943d,careerwithasr,2917,Cognizant,2026-08-31T15:03:15.872Z,repaired,direct,,https://app.joinsuperset.com/join/#/signup/student/jobprofiles/a8af19f3-444e-43bd-8828-e8656f637a17,https://app.joinsuperset.com/join,yes,app.joinsuperset.com is a trusted ATS domain,
6a9597b1321ef6546a22943b,careerwithasr,2915,PhonePe,2026-08-31T15:03:13.700Z,repaired,direct,,https://job-boards.greenhouse.io/phonepe/jobs/7720531003,https://job-boards.greenhouse.io/phonepe/jobs/7720531003,yes,job-boards.greenhouse.io is a trusted ATS domain,
6a9597b0321ef6546a22943a,careerwithasr,2914,Optum,2026-08-31T15:03:12.665Z,repaired,direct,,https://careers.unitedhealthgroup.com/job/-/-/34088/95435756640?src=JB-22455&utm_source=linkedin.com&utm_medium=job_posting,https://careers.unitedhealthgroup.com/job/-/-/34088/95435756640,yes,careers.unitedhealthgroup.com is a careers host,
6a9597ae321ef6546a229439,careerwithasr,2912,Reliance Jio,2026-08-31T15:03:10.398Z,repaired,direct,,https://careers.jio.com/frmjobdescription.aspx?JBTITLE=cLVbV/oCY5HKLPZ3L1J2jg==&jbID=AiaQPjHXQs+l9ldisOWyVg==&funcCode=j2l45spGiViWzWwU4BHAcWQY5BJseuxl,https://careers.jio.com/frmjobdescription.aspx?JBTITLE=cLVbV/oCY5HKLPZ3L1J2jg==&jbID=AiaQPjHXQs+l9ldisOWyVg==&funcCode=j2l45spGiViWzWwU4BHAcWQY5BJseuxl,yes,careers.jio.com matches the posting's company,
6a9597b6321ef6546a22943f,careerwithasr,2919,HCLTech,2026-08-31T15:03:18.232Z,flagged,suspicious,,https://www.linkedin.com/jobs/view/4450487407/,https://www.linkedin.com/jobs/view/4450487407/,yes,"linkedin.com is a third-party job board, not the employer's own application",
6a9597ac321ef6546a229437,careerwithasr,2910,Birlasoft,2026-08-31T15:03:08.329Z,repaired,direct,,https://jobs.birlasoft.com/job/Pune-Developer-Enterprise-Apps-INDI/58879444/,https://jobs.birlasoft.com/job/Pune-Developer-Enterprise-Apps-INDI/58879444,yes,jobs.birlasoft.com matches the posting's company,
6a9597ad321ef6546a229438,careerwithasr,2911,Larsen & Toubro (L&T),2026-08-31T15:03:09.364Z,repaired,direct,,https://larsentoubrocareers.peoplestrong.com/job/detail/LNT_TH_1793455,https://larsentoubrocareers.peoplestrong.com/job/detail/LNT_TH_1793455,yes,larsentoubrocareers.peoplestrong.com is a trusted ATS domain,
6a9597aa321ef6546a229435,careerwithasr,2908,Revature India,2026-08-31T15:03:06.272Z,repaired,direct,,https://www.revature.com/entry-level-software-engineer?,https://revature.com/entry-level-software-engineer?,yes,revature.com matches the posting's company,
6a9597b2321ef6546a22943c,careerwithasr,2916,Frnd,2026-08-31T15:03:14.738Z,flagged,suspicious,,https://www.linkedin.com/jobs/view/4455599485/,https://www.linkedin.com/jobs/view/4455599485/,yes,"linkedin.com is a third-party job board, not the employer's own application",
6a9597a5321ef6546a229434,careerwithasr,2904,Morningstar,2026-08-31T15:03:01.638Z,repaired,direct,,https://morningstar.wd5.myworkdayjobs.com/en-US/morningstar/job/Mumbai/Marketing-AI-ML-Engineer_AP-24299919-3,https://morningstar.wd5.myworkdayjobs.com/en-US/morningstar/job/Mumbai/Marketing-AI-ML-Engineer_AP-24299919-3,yes,morningstar.wd5.myworkdayjobs.com is a trusted ATS and the host matches the company,
6a95977a321ef6546a229433,careerwithasr,2903,Zycus,2026-08-31T15:02:18.276Z,repaired,direct,,https://zycus.talismatic.com/jobs/JXFPUQYF7,https://zycus.talismatic.com/jobs/JXFPUQYF7,yes,zycus.talismatic.com matches the posting's company,
6a958ec9af6baf9c4ee17b62,HireMeFresh,1788,IBM,2026-08-31T14:25:13.671Z,repaired,direct,,https://jobs.dailypharmajobs.in/ibm-process-associate-2026-hr-contact-center-bangalore-apply-now/,https://jobs.dailypharmajobs.in/ibm-process-associate-2026-hr-contact-center-bangalore-apply-now,yes,jobs.dailypharmajobs.in is a careers host,
6a9597ab321ef6546a229436,careerwithasr,2909,Teradata,2026-08-31T15:03:07.192Z,flagged,suspicious,,https://www.linkedin.com/jobs/view/4454220779/,https://www.linkedin.com/jobs/view/4454220779/,yes,"linkedin.com is a third-party job board, not the employer's own application",
6a958ec4af6baf9c4ee17b5f,offcampusjobs4u,20958,Infosys,2026-08-31T14:25:08.310Z,repaired,direct,,https://career.infosys.com/jobdesc?jobReferenceCode=INFSYS-EXTERNAL-246126&sourceId=1,https://career.infosys.com/jobdesc?jobReferenceCode=INFSYS-EXTERNAL-246126&sourceId=1,yes,career.infosys.com matches the posting's company,
6a958ec3af6baf9c4ee17b5e,offcampusjobs4u,20957,Athenahealth,2026-08-31T14:25:07.075Z,repaired,direct,,https://careers.athenahealth.com/us/en/job/ATHAHHUSR15418EXTERNALENUS/Associate-Member-of-Technical-Staff-AMTS,https://careers.athenahealth.com/us/en/job/ATHAHHUSR15418EXTERNALENUS/Associate-Member-of-Technical-Staff-AMTS,yes,careers.athenahealth.com matches the posting's company,
6a958ec7af6baf9c4ee17b60,HireMeFresh,1786,IBM,2026-08-31T14:25:11.513Z,repaired,direct,,https://jobs.dailypharmajobs.in/ibm-internship-2026-application-developer-intern-pan-india/,https://jobs.dailypharmajobs.in/ibm-internship-2026-application-developer-intern-pan-india,yes,jobs.dailypharmajobs.in is a careers host,
6a958ec1af6baf9c4ee17b5d,offcampusjobs4u,20956,Danfoss,2026-08-31T14:25:05.833Z,repaired,direct,,https://jobs.danfoss.com/job/Associate-Engineer/51323-en_GB/,https://jobs.danfoss.com/job/Associate-Engineer/51323-en_GB,yes,jobs.danfoss.com matches the posting's company,
6a958ec0af6baf9c4ee17b5c,offcampusjobs4u,20955,Emerson,2026-08-31T14:25:04.807Z,repaired,direct,,https://hdjq.fa.us2.oraclecloud.com/hcmUI/CandidateExperience/en/sites/CX_1/job/26008147?keyword=engineer&location=India&locationId=300000000228786&locationLevel=country&mode=location,https://hdjq.fa.us2.oraclecloud.com/hcmUI/CandidateExperience/en/sites/CX_1/job/26008147?keyword=engineer&location=India&locationId=300000000228786&locationLevel=country&mode=location,yes,hdjq.fa.us2.oraclecloud.com is a trusted ATS domain,
6a958ebfaf6baf9c4ee17b5b,offcampusjobs4u,20954,Mavenir,2026-08-31T14:25:03.672Z,repaired,direct,,https://mavenir.wd1.myworkdayjobs.com/Mavenir_Careers/job/Bangalore-India/Graduate-Engineer--Operations_R0016469,https://mavenir.wd1.myworkdayjobs.com/Mavenir_Careers/job/Bangalore-India/Graduate-Engineer--Operations_R0016469,yes,mavenir.wd1.myworkdayjobs.com is a trusted ATS and the host matches the company,
6a958ebeaf6baf9c4ee17b5a,offcampusjobs4u,20953,KPMG,2026-08-31T14:25:02.652Z,repaired,direct,,https://ejgk.fa.em2.oraclecloud.com/hcmUI/CandidateExperience/en/sites/CX_3/job/30048818?keyword=Analyst&mode=location,https://ejgk.fa.em2.oraclecloud.com/hcmUI/CandidateExperience/en/sites/CX_3/job/30048818?keyword=Analyst&mode=location,yes,ejgk.fa.em2.oraclecloud.com is a trusted ATS domain,
6a958ebdaf6baf9c4ee17b59,offcampusjobs4u,20952,TCS,2026-08-31T14:25:01.613Z,flagged,suspicious,,https://www.tcs.com/careers/india/tcs-bps-fresher-hiring?utm_source=WhatsApp%2BSocialMediaOrganic&utm_medium=Mailer&utm_campaign=TCS-BPS-Hiring-2027,https://www.tcs.com/careers/india/tcs-bps-fresher-hiring?utm_source=WhatsApp%2BSocialMediaOrganic&utm_medium=Mailer&utm_campaign=TCS-BPS-Hiring-2027,yes,path looks like an SEO article slug,
6a958e56af6baf9c4ee17b58,offcampusjobs4u,20951,IBM,2026-08-31T14:23:18.681Z,repaired,direct,,https://careers.ibm.com/en_US/careers/JobDetail?jobId=130244&source=SN_LinkedIn,https://careers.ibm.com/en_US/careers/JobDetail?jobId=130244,yes,careers.ibm.com matches the posting's company,
6a958e55af6baf9c4ee17b57,offcampusjobs4u,20950,Optum,2026-08-31T14:23:17.759Z,repaired,direct,,https://careers.unitedhealthgroup.com/job/hyderabad/associate-data-analyst-scala-pyspark-azure-cloud-ai/34088/99152125904,https://careers.unitedhealthgroup.com/job/hyderabad/associate-data-analyst-scala-pyspark-azure-cloud-ai/34088/99152125904,yes,careers.unitedhealthgroup.com is a careers host,
6a958e54af6baf9c4ee17b56,offcampusjobs4u,20949,Pearson,2026-08-31T14:23:16.727Z,repaired,direct,,https://pearson.jobs/virtual-ind/apprentice-customer-service/29B0B7AF1E274AB4B7AAF1AA37521399/job/?vs=1606&utm_source=LinkedIn.com-DE&utm_medium=Social+Media&utm_campaign=LinkedIn.com,https://pearson.jobs/virtual-ind/apprentice-customer-service/29B0B7AF1E274AB4B7AAF1AA37521399/job/?vs=1606,yes,pearson.jobs matches the posting's company,
6a958e53af6baf9c4ee17b55,offcampusjobs4u,20948,Microsoft,2026-08-31T14:23:15.597Z,repaired,direct,,https://apply.careers.microsoft.com/careers/job/1970393556955253?domain=microsoft.com&hl=en,https://apply.careers.microsoft.com/careers/job/1970393556955253?domain=microsoft.com&hl=en,yes,apply.careers.microsoft.com matches the posting's company,
6a958e4daf6baf9c4ee17b54,offcampusjobs4u,20947,Oracle,2026-08-31T14:23:09.014Z,repaired,direct,,https://eeho.fa.us2.oraclecloud.com/hcmUI/CandidateExperience/en/sites/jobsearch/job/343805?utm_medium=jobboard&utm_source=LinkedIn,https://eeho.fa.us2.oraclecloud.com/hcmUI/CandidateExperience/en/sites/jobsearch/job/343805,yes,eeho.fa.us2.oraclecloud.com is a trusted ATS domain,
6a958e4baf6baf9c4ee17b53,offcampusjobs4u,20946,American Express,2026-08-31T14:23:07.881Z,repaired,direct,,https://careers.americanexpress.com/en/sites/CX_1/job/26012927?keyword=Analyst-Data+Analytics&intlink=us-amex-career-en-us-search,https://careers.americanexpress.com/en/sites/CX_1/job/26012927?keyword=Analyst-Data+Analytics&intlink=us-amex-career-en-us-search,yes,careers.americanexpress.com is a careers host,
6a958e4aaf6baf9c4ee17b52,offcampusjobs4u,20945,HPE,2026-08-31T14:23:06.651Z,repaired,direct,,https://careers.hpe.com/us/en/job/1210150/Systems-Software-Engineer-I?utm_source=linkedin,https://careers.hpe.com/us/en/job/1210150/Systems-Software-Engineer-I,yes,careers.hpe.com matches the posting's company,
6a958e49af6baf9c4ee17b51,offcampusjobs4u,20944,Amazon,2026-08-31T14:23:05.619Z,repaired,direct,,https://www.amazon.jobs/en/jobs/10516582/system-development-engineer-i-fintech?cmpid=SPLICX0248M&utm_source=linkedin.com&utm_campaign=cxro&utm_medium=social_media&utm_content=job_posting&ss=paid,https://amazon.jobs/en/jobs/10516582/system-development-engineer-i-fintech?cmpid=SPLICX0248M&ss=paid,yes,amazon.jobs matches the posting's company,
6a958ec8af6baf9c4ee17b61,HireMeFresh,1787,,2026-08-31T14:25:12.541Z,flagged,suspicious,,https://go.acciojob.com/FSpZ9A,https://go.acciojob.com/FSpZ9A,yes,"https://go.acciojob.com/FSpZ9A → host contains ""placement""",
6a958e48af6baf9c4ee17b50,offcampusjobs4u,20943,Citigroup,2026-08-31T14:23:04.689Z,repaired,direct,,https://jobs.citi.com/job/-/-/287/99795599216?source=APPLICANT_SOURCE-3-354,https://jobs.citi.com/job/-/-/287/99795599216,yes,jobs.citi.com is a careers host,
6a958e47af6baf9c4ee17b4f,offcampusjobs4u,20942,United Airlines,2026-08-31T14:23:03.659Z,repaired,direct,,https://careers.united.com/us/en/job/UAIUADUSGGN00002661EXTERNALENUSTALEO/Associate-Engineer-Digital-Technology,https://careers.united.com/us/en/job/UAIUADUSGGN00002661EXTERNALENUSTALEO/Associate-Engineer-Digital-Technology,yes,careers.united.com matches the posting's company,
6a958e46af6baf9c4ee17b4e,offcampusjobs4u,20941,IQVIA,2026-08-31T14:23:02.529Z,repaired,direct,,https://jobs.iqvia.com/en/jobs/R1560859-0?source=LinkedIn_Slots&utm_source=linkedin.com&utm_medium=job_posting,https://jobs.iqvia.com/en/jobs/R1560859-0,yes,jobs.iqvia.com matches the posting's company,
6a958e45af6baf9c4ee17b4d,offcampusjobs4u,20940,Schneider Electric,2026-08-31T14:23:01.504Z,repaired,direct,,https://careers.se.com/jobs/130554?lang=en-us&iis=Job+Board&iisn=linkedin&src=linkedin,https://careers.se.com/jobs/130554?lang=en-us&iis=Job+Board&iisn=linkedin,yes,careers.se.com is a careers host,
6a958ddbaf6baf9c4ee17b4c,offcampusjobs4u,20939,Deutsche Bank,2026-08-31T14:21:15.867Z,repaired,direct,,https://careers.db.com/professionals/search-roles/?test.html%3Fkid%3D=linkedinjobwrap#/professional/job/75245,https://careers.db.com/professionals/search-roles/?test.html%3Fkid%3D=linkedinjobwrap,yes,careers.db.com is a careers host,
6a958dd8af6baf9c4ee17b4a,offcampusjobs4u,20936,Lumilens,2026-08-31T14:21:12.888Z,repaired,direct,,https://forms.cloud.microsoft/Pages/ResponsePage.aspx?id=zgZ78DAT7UWPx2AlW5pFbldW5wHhXWJKqSW3q8Yg5MBUOFZRVTdZMU9KVFNHWDcyNUVJTUw3VlMwVC4u,https://forms.cloud.microsoft/Pages/ResponsePage.aspx?id=zgZ78DAT7UWPx2AlW5pFbldW5wHhXWJKqSW3q8Yg5MBUOFZRVTdZMU9KVFNHWDcyNUVJTUw3VlMwVC4u,yes,official application form,
6a958dd7af6baf9c4ee17b49,offcampusjobs4u,20935,Google,2026-08-31T14:21:11.757Z,repaired,direct,,https://www.google.com/about/careers/applications/jobs/results/99925955933283014-data-center-technician-intern/,https://google.com/about/careers/applications/jobs/results/99925955933283014-data-center-technician-intern,yes,google.com matches the posting's company,
6a958dd4af6baf9c4ee17b47,offcampusjobs4u,20932,Virtual Simutech,2026-08-31T14:21:08.354Z,flagged,suspicious,,https://match.myanatomy.in/corporate/customCampaign/view?publicLink=11eb6b4c56ec682a9ea073838bd99b7a;b760ae568f25675a5f0f0d19a26d29216dcb711b52ef5d2a4d2d0a67ccb83aeffb1ca08adb05c852b889f9497f2ca415ed15409fcf2afbc9c09317576108bc2d1dfd5c43e090eceb27a45bfaaa211f7b4c46f92fc54bbd7272be04fb6699cca3c591f82fa6b88486983377c1ea03429fd3379e36312fc19b23aa1af0291cf9d11addd98220fe28cdde2c2f7232c9940b3ed6c8a986abf887277f2fb9314596a997aabcbe576c99c4848e0898fa2c3f2bcfe7ee4599407b93da7ec33e4a95374d&source=n,https://match.myanatomy.in/corporate/customCampaign/view?publicLink=11eb6b4c56ec682a9ea073838bd99b7a;b760ae568f25675a5f0f0d19a26d29216dcb711b52ef5d2a4d2d0a67ccb83aeffb1ca08adb05c852b889f9497f2ca415ed15409fcf2afbc9c09317576108bc2d1dfd5c43e090eceb27a45bfaaa211f7b4c46f92fc54bbd7272be04fb6699cca3c591f82fa6b88486983377c1ea03429fd3379e36312fc19b23aa1af0291cf9d11addd98220fe28cdde2c2f7232c9940b3ed6c8a986abf887277f2fb9314596a997aabcbe576c99c4848e0898fa2c3f2bcfe7ee4599407b93da7ec33e4a95374d&source=n,yes,"no employer, ATS or application signal — needs review",
6a958dd9af6baf9c4ee17b4b,offcampusjobs4u,20937,Bristol Myers Squibb,2026-08-31T14:21:13.918Z,repaired,direct,,https://bristolmyerssquibb.wd5.myworkdayjobs.com/BMS/job/Hyderabad---TS---IN/Software-Engineer--Analytical-Engineering_R1605373?source=jobboard_LinkedIn%20Organic_auto&utm_campaign=Enabling%20Functions_Enabling%20Functions%20Hyderabad&utm_source=Joveo_LinkedIn%20Organic&jClickId=e6e3382c-0026-4e49-bc4a-a931974cba84,https://bristolmyerssquibb.wd5.myworkdayjobs.com/BMS/job/Hyderabad---TS---IN/Software-Engineer--Analytical-Engineering_R1605373?jClickId=e6e3382c-0026-4e49-bc4a-a931974cba84,yes,bristolmyerssquibb.wd5.myworkdayjobs.com is a trusted ATS domain,
6a958dd3af6baf9c4ee17b46,offcampusjobs4u,20931,Infineon,2026-08-31T14:21:07.324Z,repaired,direct,,https://jobs.infineon.com/careers/job/563808971891937,https://jobs.infineon.com/careers/job/563808971891937,yes,jobs.infineon.com matches the posting's company,
6a958dd2af6baf9c4ee17b45,offcampusjobs4u,20930,Xerox,2026-08-31T14:21:06.292Z,repaired,direct,,https://xerox.avature.net/en_US/careers/JobDetail/Intern-Student-Program/51961?src=LinkedIn,https://xerox.avature.net/en_US/careers/JobDetail/Intern-Student-Program/51961,yes,xerox.avature.net is a trusted ATS and the host matches the company,
6a958dd1af6baf9c4ee17b44,offcampusjobs4u,20929,GlobalLogic,2026-08-31T14:21:05.263Z,repaired,direct,,https://www.globallogic.com/careers/associate-analyst-freshers-non-technical-non-voice-irc303178/?utm_source=LinkedIn&utm_medium=jobboard&utm_campaign=career,https://globallogic.com/careers/associate-analyst-freshers-non-technical-non-voice-irc303178,yes,globallogic.com matches the posting's company,
6a958dd0af6baf9c4ee17b43,offcampusjobs4u,20928,American Express,2026-08-31T14:21:04.231Z,repaired,direct,,https://egug.fa.us2.oraclecloud.com/hcmUI/CandidateExperience/en/sites/CX_1/jobs/preview/26012470/?keyword=Apprentice&mode=location,https://egug.fa.us2.oraclecloud.com/hcmUI/CandidateExperience/en/sites/CX_1/jobs/preview/26012470/?keyword=Apprentice&mode=location,yes,egug.fa.us2.oraclecloud.com is a trusted ATS domain,
6a958dcfaf6baf9c4ee17b42,offcampusjobs4u,20927,Accenture,2026-08-31T14:21:03.100Z,repaired,direct,,https://www.accenture.com/in-en/careers/jobdetails?id=AIOC-S01656987_en,https://accenture.com/in-en/careers/jobdetails?id=AIOC-S01656987_en,yes,accenture.com matches the posting's company,
6a958dcdaf6baf9c4ee17b41,offcampusjobs4u,20926,Paytm,2026-08-31T14:21:01.864Z,repaired,direct,,https://jobs.lever.co/paytm/0a05295a-5393-4c0d-bb0a-a0e7c97f1287,https://jobs.lever.co/paytm/0a05295a-5393-4c0d-bb0a-a0e7c97f1287,yes,jobs.lever.co is a trusted ATS domain,
6a958d62af6baf9c4ee17b40,offcampusjobs4u,20925,Zebra,2026-08-31T14:19:14.880Z,repaired,direct,,https://zebra.wd501.myworkdayjobs.com/en-US/Zebra_careers/job/Data-EngineerI_JR102916?locations=281a47809d0e10014436581537c40000,https://zebra.wd501.myworkdayjobs.com/en-US/Zebra_careers/job/Data-EngineerI_JR102916?locations=281a47809d0e10014436581537c40000,yes,zebra.wd501.myworkdayjobs.com is a trusted ATS and the host matches the company,
6a958dd5af6baf9c4ee17b48,offcampusjobs4u,20933,Amazon,2026-08-31T14:21:09.389Z,repaired,direct,,https://www.amazon.jobs/en-gb/jobs/10506481/sde-i-intern-amazon-university-talent-acquisition,https://amazon.jobs/en-gb/jobs/10506481/sde-i-intern-amazon-university-talent-acquisition,yes,amazon.jobs matches the posting's company,
6a958d60af6baf9c4ee17b3e,offcampusjobs4u,20923,Eurofins,2026-08-31T14:19:12.433Z,repaired,direct,,https://jobs.smartrecruiters.com/Eurofins/744000134746329-analyst-hplc-,https://jobs.smartrecruiters.com/Eurofins/744000134746329-analyst-hplc-,yes,jobs.smartrecruiters.com is a trusted ATS domain,
6a958d61af6baf9c4ee17b3f,offcampusjobs4u,20924,IBM,2026-08-31T14:19:13.562Z,repaired,direct,,https://careers.ibm.com/en_US/careers/JobDetail?jobId=86123&source=SN_LinkedIn,https://careers.ibm.com/en_US/careers/JobDetail?jobId=86123,yes,careers.ibm.com matches the posting's company,
6a958d5daf6baf9c4ee17b3c,offcampusjobs4u,20921,BT,2026-08-31T14:19:09.739Z,repaired,direct,,https://jobs.bt.com/BT/job/Associate-engineer/61925-en_GB/,https://jobs.bt.com/BT/job/Associate-engineer/61925-en_GB,yes,jobs.bt.com is a careers host,
6a958d5baf6baf9c4ee17b3a,offcampusjobs4u,20919,Kimberly-Clark,2026-08-31T14:19:07.467Z,repaired,direct,,https://kimberlyclark.wd1.myworkdayjobs.com/GLOBAL/job/Sricity-Mill/Associate-Trainee_886576-2?source=linkedin,https://kimberlyclark.wd1.myworkdayjobs.com/GLOBAL/job/Sricity-Mill/Associate-Trainee_886576-2,yes,kimberlyclark.wd1.myworkdayjobs.com is a trusted ATS domain,
6a958d5aaf6baf9c4ee17b39,offcampusjobs4u,20918,HackerRank,2026-08-31T14:19:06.413Z,repaired,direct,,"https://www.hackerrank.com/careers/job?id=7830418#Customer%20Experience%20Engineer,%20L1",https://hackerrank.com/careers/job?id=7830418,yes,hackerrank.com matches the posting's company,
6a958d59af6baf9c4ee17b38,offcampusjobs4u,20917,Emerson,2026-08-31T14:19:05.293Z,repaired,direct,,https://hdjq.fa.us2.oraclecloud.com/hcmUI/CandidateExperience/en/sites/CX_1/job/26009535,https://hdjq.fa.us2.oraclecloud.com/hcmUI/CandidateExperience/en/sites/CX_1/job/26009535,yes,hdjq.fa.us2.oraclecloud.com is a trusted ATS domain,
6a958d58af6baf9c4ee17b37,offcampusjobs4u,20916,Salesforce,2026-08-31T14:19:04.146Z,repaired,direct,,https://www.salesforce.com/company/careers/jobs/JR357143/associate-technical-consultant/,https://salesforce.com/company/careers/jobs/JR357143/associate-technical-consultant,yes,salesforce.com matches the posting's company,
6a958d57af6baf9c4ee17b36,offcampusjobs4u,20915,Adobe,2026-08-31T14:19:03.103Z,repaired,direct,,https://careers.adobe.com/us/en/job/R170776/Software-Development-Engineer,https://careers.adobe.com/us/en/job/R170776/Software-Development-Engineer,yes,careers.adobe.com matches the posting's company,
6a958b8da7f75148e03240d2,offcampusjobs4u,20914,FedEx,2026-08-31T14:11:25.690Z,repaired,direct,,https://careers.fedex.com/full-stack-developer-i/job/P25-330706-1#main,https://careers.fedex.com/full-stack-developer-i/job/P25-330706-1,yes,careers.fedex.com matches the posting's company,
6a958d5caf6baf9c4ee17b3b,offcampusjobs4u,20920,Accenture,2026-08-31T14:19:08.689Z,repaired,direct,,https://www.accenture.com/in-en/careers/jobdetails?id=ATCI-5729897-S2066017_en,https://accenture.com/in-en/careers/jobdetails?id=ATCI-5729897-S2066017_en,yes,accenture.com matches the posting's company,
6a958b8ca7f75148e03240d1,offcampusjobs4u,20913,Merck Group,2026-08-31T14:11:24.128Z,repaired,direct,,https://careers.merckgroup.com/global/en/job/302856/Software-Engineer?utm_source=linkedin&utm_medium=phenom-feeds,https://careers.merckgroup.com/global/en/job/302856/Software-Engineer,yes,careers.merckgroup.com is a careers host,
6a958b8aa7f75148e03240d0,offcampusjobs4u,20912,Optum,2026-08-31T14:11:23.000Z,repaired,direct,,https://careers.unitedhealthgroup.com/job/-/-/34088/98799699248?src=JB-22455&utm_source=linkedin.com&utm_medium=job_posting,https://careers.unitedhealthgroup.com/job/-/-/34088/98799699248,yes,careers.unitedhealthgroup.com is a careers host,
6a958d5eaf6baf9c4ee17b3d,offcampusjobs4u,20922,IBM,2026-08-31T14:19:10.869Z,repaired,direct,,https://careers.ibm.com/en_US/careers/JobDetail?jobId=114791&source=WEB_Search_INDIA,https://careers.ibm.com/en_US/careers/JobDetail?jobId=114791,yes,careers.ibm.com matches the posting's company,
6a958b87a7f75148e03240ce,offcampusjobs4u,20910,Cisco,2026-08-31T14:11:19.768Z,repaired,direct,,https://careers.cisco.com/global/en/job/2021284/Software-Engineer-Network-Embedded-Application-Development-Summer-Internship-India-EG-Requisition,https://careers.cisco.com/global/en/job/2021284/Software-Engineer-Network-Embedded-Application-Development-Summer-Internship-India-EG-Requisition,yes,careers.cisco.com matches the posting's company,
6a958b84a7f75148e03240cd,offcampusjobs4u,20908,ZS,2026-08-31T14:11:16.895Z,repaired,direct,,https://jobs.zs.com/jobs/62377?lang=en-us&mode=apply&iis=LinkedIn&iisn=LINKEDINJOBWRAP,https://jobs.zs.com/jobs/62377?lang=en-us&mode=apply&iis=LinkedIn&iisn=LINKEDINJOBWRAP,yes,jobs.zs.com is a careers host,
6a958b89a7f75148e03240cf,offcampusjobs4u,20911,Amazon,2026-08-31T14:11:21.603Z,repaired,direct,,https://www.amazon.jobs/en/jobs/10511697/packaging-associate-in-packaging,https://amazon.jobs/en/jobs/10511697/packaging-associate-in-packaging,yes,amazon.jobs matches the posting's company,
6a958b82a7f75148e03240cc,offcampusjobs4u,20906,Nextpower,2026-08-31T14:11:14.192Z,repaired,direct,,https://nextracker.wd5.myworkdayjobs.com/nextpower_careers/job/Hyderabad-Telangana---IND/Intern--Systems-Engineering_NX-4026/apply?source=LinkedIn,https://nextracker.wd5.myworkdayjobs.com/nextpower_careers/job/Hyderabad-Telangana---IND/Intern--Systems-Engineering_NX-4026/apply,yes,nextracker.wd5.myworkdayjobs.com is a trusted ATS domain,
6a958b80a7f75148e03240cb,offcampusjobs4u,20905,Softobiz,2026-08-31T14:11:12.804Z,repaired,direct,,https://softobiz.keka.com/careers/jobdetails/133755,https://softobiz.keka.com/careers/jobdetails/133755,yes,softobiz.keka.com is a trusted ATS and the host matches the company,
6a958b7fa7f75148e03240ca,offcampusjobs4u,20904,Deloitte,2026-08-31T14:11:11.493Z,repaired,direct,,https://usijobs.deloitte.com/en_US/careersUSI/JobDetail/USI-EH27-Analyst-KS-Audit-Center-of-Excellence-COE-Associate-Content-Management-Hyderabad-Bengaluru/359102,https://usijobs.deloitte.com/en_US/careersUSI/JobDetail/USI-EH27-Analyst-KS-Audit-Center-of-Excellence-COE-Associate-Content-Management-Hyderabad-Bengaluru/359102,yes,usijobs.deloitte.com matches the posting's company,
6a958b7ea7f75148e03240c9,offcampusjobs4u,20903,State Street,2026-08-31T14:11:10.191Z,flagged,suspicious,,https://www.linkedin.com/jobs/view/4458143157/,https://www.linkedin.com/jobs/view/4458143157/,yes,"linkedin.com is a third-party job board, not the employer's own application",
6a958b7ca7f75148e03240c8,offcampusjobs4u,20902,S&P Global,2026-08-31T14:11:08.793Z,repaired,direct,,https://careers.spglobal.com/jobs/331333,https://careers.spglobal.com/jobs/331333,yes,careers.spglobal.com is a careers host,
6a958b7aa7f75148e03240c6,offcampusjobs4u,20900,Abstrabit Technologies,2026-08-31T14:11:06.191Z,repaired,direct,,https://abstrabit.zohorecruit.in/jobs/Careers/224765000001927114/AI-Engineer-Intern?source=LinkedIn-Basic&embedsource=LinkedIn%2BLimited%2BListings,https://abstrabit.zohorecruit.in/jobs/Careers/224765000001927114/AI-Engineer-Intern?embedsource=LinkedIn%2BLimited%2BListings,yes,abstrabit.zohorecruit.in is a trusted ATS and the host matches the company,
6a958b79a7f75148e03240c5,offcampusjobs4u,20899,Enterpret,2026-08-31T14:11:05.074Z,repaired,direct,,https://job-boards.greenhouse.io/enterpret/jobs/7847134003?gh_src=6l3ky9cm3us,https://job-boards.greenhouse.io/enterpret/jobs/7847134003?gh_src=6l3ky9cm3us,yes,job-boards.greenhouse.io is a trusted ATS domain,
6a957ef40f6515495c189873,internfreak,5320,Weekday Works,2026-08-31T13:17:40.390Z,repaired,direct,,https://jobs.lever.co/weekdayworks/a86efff4-1c2e-43fc-8ecb-dc8f873db2f1,https://jobs.lever.co/weekdayworks/a86efff4-1c2e-43fc-8ecb-dc8f873db2f1,yes,jobs.lever.co is a trusted ATS domain,
6a957ef40f6515495c189872,internfreak,5318,,2026-08-31T13:17:40.387Z,flagged,suspicious,,https://razorpay.com/buildathon/,https://razorpay.com/buildathon/,yes,"no employer, ATS or application signal — needs review",
6a957ef40f6515495c189871,internfreak,5317,Mercor,2026-08-31T13:17:40.384Z,repaired,direct,,https://t.mercor.com/qwySj,https://t.mercor.com/qwySj,yes,t.mercor.com matches the posting's company,
6a957ef40f6515495c189870,internfreak,5316,Fortive,2026-08-31T13:17:40.381Z,repaired,direct,,https://fortive.eightfold.ai/careers/job/893396777515,https://fortive.eightfold.ai/careers/job/893396777515,yes,fortive.eightfold.ai is a trusted ATS and the host matches the company,
6a957ef40f6515495c18986e,internfreak,5314,Cypherock Wallet,2026-08-31T13:17:40.376Z,flagged,suspicious,,https://wellfound.com/jobs/3484692-software-engineer-functional-programming,https://wellfound.com/jobs/3484692-software-engineer-functional-programming,yes,"wellfound.com is a third-party job board, not the employer's own application",
6a957ef40f6515495c18986d,jobsvillaa,25583,,2026-08-31T13:17:40.141Z,flagged,unresolvable,,,,yes,no URL,
6a957ef40f6515495c18986c,jobsvillaa,25580,,2026-08-31T13:17:40.138Z,repaired,direct,,https://www.r1rcm.com/careers/jobs/software-engineer-i?utm_source=chatgpt.com,https://r1rcm.com/careers/jobs/software-engineer-i,yes,path names a posting or an application form,
6a957ef40f6515495c18986b,jobsvillaa,25566,,2026-08-31T13:17:40.135Z,flagged,unresolvable,,,,yes,no URL,
6a957ef40f6515495c18986a,jobsvillaa,25547,We’re,2026-08-31T13:17:40.132Z,flagged,unresolvable,,,,yes,no URL,
6a958b7ba7f75148e03240c7,offcampusjobs4u,20901,ZS,2026-08-31T14:11:07.410Z,repaired,direct,,https://jobs.zs.com/jobs/62377?lang=en-us&mode=apply&iis=LinkedIn&iisn=LINKEDINJOBWRAP,https://jobs.zs.com/jobs/62377?lang=en-us&mode=apply&iis=LinkedIn&iisn=LINKEDINJOBWRAP,yes,jobs.zs.com is a careers host,
6a957ef40f6515495c189869,jobsvillaa,25544,,2026-08-31T13:17:40.128Z,flagged,unresolvable,,,,yes,no URL,
6a957ef40f6515495c189868,jobsvillaa,25497,,2026-08-31T13:17:40.123Z,repaired,direct,,https://jobs.ashbyhq.com/lgads/02b11bae-83d2-47f5-9ff2-6114f13ee360,https://jobs.ashbyhq.com/lgads/02b11bae-83d2-47f5-9ff2-6114f13ee360,yes,jobs.ashbyhq.com is a trusted ATS domain,
6a95771f5b5fa5e21844f08f,jobs_and_internships_updates,7317,,2026-08-31T12:44:15.215Z,flagged,unresolvable,,,,yes,no URL,
6a957ef40f6515495c18986f,internfreak,5315,Enterpret,2026-08-31T13:17:40.379Z,repaired,direct,,https://job-boards.greenhouse.io/enterpret/jobs/7847134003,https://job-boards.greenhouse.io/enterpret/jobs/7847134003,yes,job-boards.greenhouse.io is a trusted ATS domain,
6a95753e03e601e396d92040,jobs_and_internships_updates,7325,Mercor,2026-08-31T12:36:14.403Z,repaired,direct,,https://bit.ly/4fQS7dt,https://work.mercor.com/jobs/list_AAABn-4PicfjeenulMRFuZPZ/software-engineer-full-stack-india?referralCode=be612532-6eb2-11ee-8bff-42010a400007,yes,https://bit.ly/4fQS7dt → work.mercor.com matches the posting's company,
6a9552c8096ae63bf058349f,jobs_and_internships_updates,7322,micro1,2026-08-31T10:09:12.362Z,repaired,direct,,https://bit.ly/4guHNbm,https://jobs.micro1.ai/post/0b9d8e73-a9ab-4cfc-a270-ed9ee9dac1c5?referralCode=fbc5598d-1122-4899-974b-aeb2cc91b8ad,yes,https://bit.ly/4guHNbm → jobs.micro1.ai matches the posting's company,
6a9552c8096ae63bf058349e,jobs_and_internships_updates,7321,Weekday works,2026-08-31T10:09:12.360Z,repaired,direct,,https://jobs.lever.co/weekdayworks/a86efff4-1c2e-43fc-8ecb-dc8f873db2f1,https://jobs.lever.co/weekdayworks/a86efff4-1c2e-43fc-8ecb-dc8f873db2f1,yes,jobs.lever.co is a trusted ATS domain,
6a9552c8096ae63bf058349d,jobs_and_internships_updates,7319,Joveo,2026-08-31T10:09:12.359Z,flagged,suspicious,,https://www.linkedin.com/jobs/view/4458863278/,https://www.linkedin.com/jobs/view/4458863278/,yes,"linkedin.com is a third-party job board, not the employer's own application",
6a9552c8096ae63bf058349c,jobs_and_internships_updates,7313,Unisys,2026-08-31T10:09:12.357Z,repaired,direct,,https://unisys.wd5.myworkdayjobs.com/External/job/Bangalore-KA-India/AI-Engineering-Intern_REQ574280?source=KrishanKumarLinkedin,https://unisys.wd5.myworkdayjobs.com/External/job/Bangalore-KA-India/AI-Engineering-Intern_REQ574280,yes,unisys.wd5.myworkdayjobs.com is a trusted ATS and the host matches the company,
6a9552c8096ae63bf058349b,jobs_and_internships_updates,7312,CoinDCX,2026-08-31T10:09:12.354Z,flagged,suspicious,,https://bit.ly/4gaN1ry,https://bit.ly/4gaN1ry,yes,unresolved redirect wrapper (final response was 403),
6a9552c8096ae63bf058349a,jobs_and_internships_updates,7304,LinkedIn,2026-08-31T10:09:12.347Z,flagged,suspicious,,https://bit.ly/3SdzZBE,https://bit.ly/3SdzZBE,yes,unresolved redirect wrapper (redirect loop),
6a9552c8096ae63bf0583498,jobs_and_internships_updates,7301,Enterpret,2026-08-31T10:09:12.338Z,repaired,direct,,https://job-boards.greenhouse.io/enterpret/jobs/7847134003,https://job-boards.greenhouse.io/enterpret/jobs/7847134003,yes,job-boards.greenhouse.io is a trusted ATS domain,
6a9552c8096ae63bf0583497,jobs_and_internships_updates,7300,HPE,2026-08-31T10:09:12.323Z,repaired,direct,,https://careers.hpe.com/us/en/job/1211844/Intern,https://careers.hpe.com/us/en/job/1211844/Intern,yes,careers.hpe.com matches the posting's company,
6a9552c8096ae63bf0583499,jobs_and_internships_updates,7302,micro1,2026-08-31T10:09:12.343Z,repaired,direct,,https://bit.ly/4wJiMOk,https://jobs.micro1.ai/post/ca549605-be95-4fe1-b995-40794422b4a5?referralCode=fbc5598d-1122-4899-974b-aeb2cc91b8ad,yes,https://bit.ly/4wJiMOk → jobs.micro1.ai matches the posting's company,
6a95771f5b5fa5e21844f08c,jobs_and_internships_updates,7306,If you,2026-08-31T12:44:15.205Z,flagged,suspicious,,https://imp.i384100.net/xJqjo1,https://imp.i384100.net/xJqjo1,yes,unresolved redirect wrapper (request timed out after 8000ms),
